ERROR - 2026-07-20 06:13:06 --> Error connecting to the database: Exception: Unable to open database: unable to open database file in /home/itu/Bureau/ETU004176/S4/Systeme d'info/Projet final S4/system/Database/SQLite3/Connection.php:111
Stack trace:
#0 /home/itu/Bureau/ETU004176/S4/Systeme d'info/Projet final S4/system/Database/SQLite3/Connection.php(111): SQLite3->__construct()
#1 /home/itu/Bureau/ETU004176/S4/Systeme d'info/Projet final S4/system/Database/BaseConnection.php(555): CodeIgniter\Database\SQLite3\Connection->connect()
#2 /home/itu/Bureau/ETU004176/S4/Systeme d'info/Projet final S4/system/Database/SQLite3/Connection.php(74): CodeIgniter\Database\BaseConnection->initialize()
#3 /home/itu/Bureau/ETU004176/S4/Systeme d'info/Projet final S4/system/Database/Database.php(74): CodeIgniter\Database\SQLite3\Connection->initialize()
#4 /home/itu/Bureau/ETU004176/S4/Systeme d'info/Projet final S4/system/Database/Config.php(111): CodeIgniter\Database\Database->loadForge()
#5 /home/itu/Bureau/ETU004176/S4/Systeme d'info/Projet final S4/system/Database/Seeder.php(103): CodeIgniter\Database\Config::forge()
#6 /home/itu/Bureau/ETU004176/S4/Systeme d'info/Projet final S4/system/Commands/Database/Seed.php(71): CodeIgniter\Database\Seeder->__construct()
#7 /home/itu/Bureau/ETU004176/S4/Systeme d'info/Projet final S4/system/CLI/Commands.php(74): CodeIgniter\Commands\Database\Seed->run()
#8 /home/itu/Bureau/ETU004176/S4/Systeme d'info/Projet final S4/system/CLI/Console.php(47): CodeIgniter\CLI\Commands->run()
#9 /home/itu/Bureau/ETU004176/S4/Systeme d'info/Projet final S4/system/Boot.php(442): CodeIgniter\CLI\Console->run()
#10 /home/itu/Bureau/ETU004176/S4/Systeme d'info/Projet final S4/system/Boot.php(166): CodeIgniter\Boot::runCommand()
#11 /home/itu/Bureau/ETU004176/S4/Systeme d'info/Projet final S4/spark(87): CodeIgniter\Boot::bootSpark()
#12 {main}

Next CodeIgniter\Database\Exceptions\DatabaseException: SQLite3 error: Unable to open database: unable to open database file in /home/itu/Bureau/ETU004176/S4/Systeme d'info/Projet final S4/system/Database/SQLite3/Connection.php:118
Stack trace:
#0 /home/itu/Bureau/ETU004176/S4/Systeme d'info/Projet final S4/system/Database/BaseConnection.php(555): CodeIgniter\Database\SQLite3\Connection->connect()
#1 /home/itu/Bureau/ETU004176/S4/Systeme d'info/Projet final S4/system/Database/SQLite3/Connection.php(74): CodeIgniter\Database\BaseConnection->initialize()
#2 /home/itu/Bureau/ETU004176/S4/Systeme d'info/Projet final S4/system/Database/Database.php(74): CodeIgniter\Database\SQLite3\Connection->initialize()
#3 /home/itu/Bureau/ETU004176/S4/Systeme d'info/Projet final S4/system/Database/Config.php(111): CodeIgniter\Database\Database->loadForge()
#4 /home/itu/Bureau/ETU004176/S4/Systeme d'info/Projet final S4/system/Database/Seeder.php(103): CodeIgniter\Database\Config::forge()
#5 /home/itu/Bureau/ETU004176/S4/Systeme d'info/Projet final S4/system/Commands/Database/Seed.php(71): CodeIgniter\Database\Seeder->__construct()
#6 /home/itu/Bureau/ETU004176/S4/Systeme d'info/Projet final S4/system/CLI/Commands.php(74): CodeIgniter\Commands\Database\Seed->run()
#7 /home/itu/Bureau/ETU004176/S4/Systeme d'info/Projet final S4/system/CLI/Console.php(47): CodeIgniter\CLI\Commands->run()
#8 /home/itu/Bureau/ETU004176/S4/Systeme d'info/Projet final S4/system/Boot.php(442): CodeIgniter\CLI\Console->run()
#9 /home/itu/Bureau/ETU004176/S4/Systeme d'info/Projet final S4/system/Boot.php(166): CodeIgniter\Boot::runCommand()
#10 /home/itu/Bureau/ETU004176/S4/Systeme d'info/Projet final S4/spark(87): CodeIgniter\Boot::bootSpark()
#11 {main}
CRITICAL - 2026-07-20 06:13:06 --> CodeIgniter\Database\Exceptions\DatabaseException: Unable to connect to the database.
Main connection [SQLite3]: SQLite3 error: Unable to open database: unable to open database file
[Method: CLI, Route: db:seed/DatabaseSeeder]
in SYSTEMPATH/Database/BaseConnection.php on line 606.
 1 SYSTEMPATH/Database/SQLite3/Connection.php(74): CodeIgniter\Database\BaseConnection->initialize()
 2 SYSTEMPATH/Database/Database.php(74): CodeIgniter\Database\SQLite3\Connection->initialize()
 3 SYSTEMPATH/Database/Config.php(111): CodeIgniter\Database\Database->loadForge()
 4 SYSTEMPATH/Database/Seeder.php(103): CodeIgniter\Database\Config::forge()
 5 SYSTEMPATH/Commands/Database/Seed.php(71): CodeIgniter\Database\Seeder->__construct()
 6 SYSTEMPATH/CLI/Commands.php(74): CodeIgniter\Commands\Database\Seed->run()
 7 SYSTEMPATH/CLI/Console.php(47): CodeIgniter\CLI\Commands->run()
 8 SYSTEMPATH/Boot.php(442): CodeIgniter\CLI\Console->run()
 9 SYSTEMPATH/Boot.php(166): CodeIgniter\Boot::runCommand()
10 ROOTPATH/spark(87): CodeIgniter\Boot::bootSpark()
ERROR - 2026-07-20 06:14:35 --> Error connecting to the database: Exception: Unable to open database: unable to open database file in /home/itu/Bureau/ETU004176/S4/Systeme d'info/Projet final S4/system/Database/SQLite3/Connection.php:111
Stack trace:
#0 /home/itu/Bureau/ETU004176/S4/Systeme d'info/Projet final S4/system/Database/SQLite3/Connection.php(111): SQLite3->__construct()
#1 /home/itu/Bureau/ETU004176/S4/Systeme d'info/Projet final S4/system/Database/BaseConnection.php(555): CodeIgniter\Database\SQLite3\Connection->connect()
#2 /home/itu/Bureau/ETU004176/S4/Systeme d'info/Projet final S4/system/Database/SQLite3/Connection.php(74): CodeIgniter\Database\BaseConnection->initialize()
#3 /home/itu/Bureau/ETU004176/S4/Systeme d'info/Projet final S4/system/Database/Database.php(74): CodeIgniter\Database\SQLite3\Connection->initialize()
#4 /home/itu/Bureau/ETU004176/S4/Systeme d'info/Projet final S4/system/Database/Config.php(111): CodeIgniter\Database\Database->loadForge()
#5 /home/itu/Bureau/ETU004176/S4/Systeme d'info/Projet final S4/system/Database/Seeder.php(103): CodeIgniter\Database\Config::forge()
#6 /home/itu/Bureau/ETU004176/S4/Systeme d'info/Projet final S4/system/Commands/Database/Seed.php(71): CodeIgniter\Database\Seeder->__construct()
#7 /home/itu/Bureau/ETU004176/S4/Systeme d'info/Projet final S4/system/CLI/Commands.php(74): CodeIgniter\Commands\Database\Seed->run()
#8 /home/itu/Bureau/ETU004176/S4/Systeme d'info/Projet final S4/system/CLI/Console.php(47): CodeIgniter\CLI\Commands->run()
#9 /home/itu/Bureau/ETU004176/S4/Systeme d'info/Projet final S4/system/Boot.php(442): CodeIgniter\CLI\Console->run()
#10 /home/itu/Bureau/ETU004176/S4/Systeme d'info/Projet final S4/system/Boot.php(166): CodeIgniter\Boot::runCommand()
#11 /home/itu/Bureau/ETU004176/S4/Systeme d'info/Projet final S4/spark(87): CodeIgniter\Boot::bootSpark()
#12 {main}

Next CodeIgniter\Database\Exceptions\DatabaseException: SQLite3 error: Unable to open database: unable to open database file in /home/itu/Bureau/ETU004176/S4/Systeme d'info/Projet final S4/system/Database/SQLite3/Connection.php:118
Stack trace:
#0 /home/itu/Bureau/ETU004176/S4/Systeme d'info/Projet final S4/system/Database/BaseConnection.php(555): CodeIgniter\Database\SQLite3\Connection->connect()
#1 /home/itu/Bureau/ETU004176/S4/Systeme d'info/Projet final S4/system/Database/SQLite3/Connection.php(74): CodeIgniter\Database\BaseConnection->initialize()
#2 /home/itu/Bureau/ETU004176/S4/Systeme d'info/Projet final S4/system/Database/Database.php(74): CodeIgniter\Database\SQLite3\Connection->initialize()
#3 /home/itu/Bureau/ETU004176/S4/Systeme d'info/Projet final S4/system/Database/Config.php(111): CodeIgniter\Database\Database->loadForge()
#4 /home/itu/Bureau/ETU004176/S4/Systeme d'info/Projet final S4/system/Database/Seeder.php(103): CodeIgniter\Database\Config::forge()
#5 /home/itu/Bureau/ETU004176/S4/Systeme d'info/Projet final S4/system/Commands/Database/Seed.php(71): CodeIgniter\Database\Seeder->__construct()
#6 /home/itu/Bureau/ETU004176/S4/Systeme d'info/Projet final S4/system/CLI/Commands.php(74): CodeIgniter\Commands\Database\Seed->run()
#7 /home/itu/Bureau/ETU004176/S4/Systeme d'info/Projet final S4/system/CLI/Console.php(47): CodeIgniter\CLI\Commands->run()
#8 /home/itu/Bureau/ETU004176/S4/Systeme d'info/Projet final S4/system/Boot.php(442): CodeIgniter\CLI\Console->run()
#9 /home/itu/Bureau/ETU004176/S4/Systeme d'info/Projet final S4/system/Boot.php(166): CodeIgniter\Boot::runCommand()
#10 /home/itu/Bureau/ETU004176/S4/Systeme d'info/Projet final S4/spark(87): CodeIgniter\Boot::bootSpark()
#11 {main}
CRITICAL - 2026-07-20 06:14:35 --> CodeIgniter\Database\Exceptions\DatabaseException: Unable to connect to the database.
Main connection [SQLite3]: SQLite3 error: Unable to open database: unable to open database file
[Method: CLI, Route: db:seed/DatabaseSeeder]
in SYSTEMPATH/Database/BaseConnection.php on line 606.
 1 SYSTEMPATH/Database/SQLite3/Connection.php(74): CodeIgniter\Database\BaseConnection->initialize()
 2 SYSTEMPATH/Database/Database.php(74): CodeIgniter\Database\SQLite3\Connection->initialize()
 3 SYSTEMPATH/Database/Config.php(111): CodeIgniter\Database\Database->loadForge()
 4 SYSTEMPATH/Database/Seeder.php(103): CodeIgniter\Database\Config::forge()
 5 SYSTEMPATH/Commands/Database/Seed.php(71): CodeIgniter\Database\Seeder->__construct()
 6 SYSTEMPATH/CLI/Commands.php(74): CodeIgniter\Commands\Database\Seed->run()
 7 SYSTEMPATH/CLI/Console.php(47): CodeIgniter\CLI\Commands->run()
 8 SYSTEMPATH/Boot.php(442): CodeIgniter\CLI\Console->run()
 9 SYSTEMPATH/Boot.php(166): CodeIgniter\Boot::runCommand()
10 ROOTPATH/spark(87): CodeIgniter\Boot::bootSpark()
ERROR - 2026-07-20 06:16:05 --> Error connecting to the database: Exception: Unable to open database: unable to open database file in /home/itu/Bureau/ETU004176/S4/Systeme d'info/Projet final S4/system/Database/SQLite3/Connection.php:111
Stack trace:
#0 /home/itu/Bureau/ETU004176/S4/Systeme d'info/Projet final S4/system/Database/SQLite3/Connection.php(111): SQLite3->__construct()
#1 /home/itu/Bureau/ETU004176/S4/Systeme d'info/Projet final S4/system/Database/BaseConnection.php(555): CodeIgniter\Database\SQLite3\Connection->connect()
#2 /home/itu/Bureau/ETU004176/S4/Systeme d'info/Projet final S4/system/Database/SQLite3/Connection.php(74): CodeIgniter\Database\BaseConnection->initialize()
#3 /home/itu/Bureau/ETU004176/S4/Systeme d'info/Projet final S4/system/Database/Database.php(74): CodeIgniter\Database\SQLite3\Connection->initialize()
#4 /home/itu/Bureau/ETU004176/S4/Systeme d'info/Projet final S4/system/Database/Config.php(111): CodeIgniter\Database\Database->loadForge()
#5 /home/itu/Bureau/ETU004176/S4/Systeme d'info/Projet final S4/system/Database/Seeder.php(103): CodeIgniter\Database\Config::forge()
#6 /home/itu/Bureau/ETU004176/S4/Systeme d'info/Projet final S4/system/Commands/Database/Seed.php(71): CodeIgniter\Database\Seeder->__construct()
#7 /home/itu/Bureau/ETU004176/S4/Systeme d'info/Projet final S4/system/CLI/Commands.php(74): CodeIgniter\Commands\Database\Seed->run()
#8 /home/itu/Bureau/ETU004176/S4/Systeme d'info/Projet final S4/system/CLI/Console.php(47): CodeIgniter\CLI\Commands->run()
#9 /home/itu/Bureau/ETU004176/S4/Systeme d'info/Projet final S4/system/Boot.php(442): CodeIgniter\CLI\Console->run()
#10 /home/itu/Bureau/ETU004176/S4/Systeme d'info/Projet final S4/system/Boot.php(166): CodeIgniter\Boot::runCommand()
#11 /home/itu/Bureau/ETU004176/S4/Systeme d'info/Projet final S4/spark(87): CodeIgniter\Boot::bootSpark()
#12 {main}

Next CodeIgniter\Database\Exceptions\DatabaseException: SQLite3 error: Unable to open database: unable to open database file in /home/itu/Bureau/ETU004176/S4/Systeme d'info/Projet final S4/system/Database/SQLite3/Connection.php:118
Stack trace:
#0 /home/itu/Bureau/ETU004176/S4/Systeme d'info/Projet final S4/system/Database/BaseConnection.php(555): CodeIgniter\Database\SQLite3\Connection->connect()
#1 /home/itu/Bureau/ETU004176/S4/Systeme d'info/Projet final S4/system/Database/SQLite3/Connection.php(74): CodeIgniter\Database\BaseConnection->initialize()
#2 /home/itu/Bureau/ETU004176/S4/Systeme d'info/Projet final S4/system/Database/Database.php(74): CodeIgniter\Database\SQLite3\Connection->initialize()
#3 /home/itu/Bureau/ETU004176/S4/Systeme d'info/Projet final S4/system/Database/Config.php(111): CodeIgniter\Database\Database->loadForge()
#4 /home/itu/Bureau/ETU004176/S4/Systeme d'info/Projet final S4/system/Database/Seeder.php(103): CodeIgniter\Database\Config::forge()
#5 /home/itu/Bureau/ETU004176/S4/Systeme d'info/Projet final S4/system/Commands/Database/Seed.php(71): CodeIgniter\Database\Seeder->__construct()
#6 /home/itu/Bureau/ETU004176/S4/Systeme d'info/Projet final S4/system/CLI/Commands.php(74): CodeIgniter\Commands\Database\Seed->run()
#7 /home/itu/Bureau/ETU004176/S4/Systeme d'info/Projet final S4/system/CLI/Console.php(47): CodeIgniter\CLI\Commands->run()
#8 /home/itu/Bureau/ETU004176/S4/Systeme d'info/Projet final S4/system/Boot.php(442): CodeIgniter\CLI\Console->run()
#9 /home/itu/Bureau/ETU004176/S4/Systeme d'info/Projet final S4/system/Boot.php(166): CodeIgniter\Boot::runCommand()
#10 /home/itu/Bureau/ETU004176/S4/Systeme d'info/Projet final S4/spark(87): CodeIgniter\Boot::bootSpark()
#11 {main}
CRITICAL - 2026-07-20 06:16:05 --> CodeIgniter\Database\Exceptions\DatabaseException: Unable to connect to the database.
Main connection [SQLite3]: SQLite3 error: Unable to open database: unable to open database file
[Method: CLI, Route: db:seed/DatabaseSeeder]
in SYSTEMPATH/Database/BaseConnection.php on line 606.
 1 SYSTEMPATH/Database/SQLite3/Connection.php(74): CodeIgniter\Database\BaseConnection->initialize()
 2 SYSTEMPATH/Database/Database.php(74): CodeIgniter\Database\SQLite3\Connection->initialize()
 3 SYSTEMPATH/Database/Config.php(111): CodeIgniter\Database\Database->loadForge()
 4 SYSTEMPATH/Database/Seeder.php(103): CodeIgniter\Database\Config::forge()
 5 SYSTEMPATH/Commands/Database/Seed.php(71): CodeIgniter\Database\Seeder->__construct()
 6 SYSTEMPATH/CLI/Commands.php(74): CodeIgniter\Commands\Database\Seed->run()
 7 SYSTEMPATH/CLI/Console.php(47): CodeIgniter\CLI\Commands->run()
 8 SYSTEMPATH/Boot.php(442): CodeIgniter\CLI\Console->run()
 9 SYSTEMPATH/Boot.php(166): CodeIgniter\Boot::runCommand()
10 ROOTPATH/spark(87): CodeIgniter\Boot::bootSpark()
ERROR - 2026-07-20 06:16:15 --> Error connecting to the database: Exception: Unable to open database: unable to open database file in /home/itu/Bureau/ETU004176/S4/Systeme d'info/Projet final S4/system/Database/SQLite3/Connection.php:111
Stack trace:
#0 /home/itu/Bureau/ETU004176/S4/Systeme d'info/Projet final S4/system/Database/SQLite3/Connection.php(111): SQLite3->__construct()
#1 /home/itu/Bureau/ETU004176/S4/Systeme d'info/Projet final S4/system/Database/BaseConnection.php(555): CodeIgniter\Database\SQLite3\Connection->connect()
#2 /home/itu/Bureau/ETU004176/S4/Systeme d'info/Projet final S4/system/Database/SQLite3/Connection.php(74): CodeIgniter\Database\BaseConnection->initialize()
#3 /home/itu/Bureau/ETU004176/S4/Systeme d'info/Projet final S4/system/Database/Database.php(74): CodeIgniter\Database\SQLite3\Connection->initialize()
#4 /home/itu/Bureau/ETU004176/S4/Systeme d'info/Projet final S4/system/Database/Config.php(111): CodeIgniter\Database\Database->loadForge()
#5 /home/itu/Bureau/ETU004176/S4/Systeme d'info/Projet final S4/system/Database/Seeder.php(103): CodeIgniter\Database\Config::forge()
#6 /home/itu/Bureau/ETU004176/S4/Systeme d'info/Projet final S4/system/Commands/Database/Seed.php(71): CodeIgniter\Database\Seeder->__construct()
#7 /home/itu/Bureau/ETU004176/S4/Systeme d'info/Projet final S4/system/CLI/Commands.php(74): CodeIgniter\Commands\Database\Seed->run()
#8 /home/itu/Bureau/ETU004176/S4/Systeme d'info/Projet final S4/system/CLI/Console.php(47): CodeIgniter\CLI\Commands->run()
#9 /home/itu/Bureau/ETU004176/S4/Systeme d'info/Projet final S4/system/Boot.php(442): CodeIgniter\CLI\Console->run()
#10 /home/itu/Bureau/ETU004176/S4/Systeme d'info/Projet final S4/system/Boot.php(166): CodeIgniter\Boot::runCommand()
#11 /home/itu/Bureau/ETU004176/S4/Systeme d'info/Projet final S4/spark(87): CodeIgniter\Boot::bootSpark()
#12 {main}

Next CodeIgniter\Database\Exceptions\DatabaseException: SQLite3 error: Unable to open database: unable to open database file in /home/itu/Bureau/ETU004176/S4/Systeme d'info/Projet final S4/system/Database/SQLite3/Connection.php:118
Stack trace:
#0 /home/itu/Bureau/ETU004176/S4/Systeme d'info/Projet final S4/system/Database/BaseConnection.php(555): CodeIgniter\Database\SQLite3\Connection->connect()
#1 /home/itu/Bureau/ETU004176/S4/Systeme d'info/Projet final S4/system/Database/SQLite3/Connection.php(74): CodeIgniter\Database\BaseConnection->initialize()
#2 /home/itu/Bureau/ETU004176/S4/Systeme d'info/Projet final S4/system/Database/Database.php(74): CodeIgniter\Database\SQLite3\Connection->initialize()
#3 /home/itu/Bureau/ETU004176/S4/Systeme d'info/Projet final S4/system/Database/Config.php(111): CodeIgniter\Database\Database->loadForge()
#4 /home/itu/Bureau/ETU004176/S4/Systeme d'info/Projet final S4/system/Database/Seeder.php(103): CodeIgniter\Database\Config::forge()
#5 /home/itu/Bureau/ETU004176/S4/Systeme d'info/Projet final S4/system/Commands/Database/Seed.php(71): CodeIgniter\Database\Seeder->__construct()
#6 /home/itu/Bureau/ETU004176/S4/Systeme d'info/Projet final S4/system/CLI/Commands.php(74): CodeIgniter\Commands\Database\Seed->run()
#7 /home/itu/Bureau/ETU004176/S4/Systeme d'info/Projet final S4/system/CLI/Console.php(47): CodeIgniter\CLI\Commands->run()
#8 /home/itu/Bureau/ETU004176/S4/Systeme d'info/Projet final S4/system/Boot.php(442): CodeIgniter\CLI\Console->run()
#9 /home/itu/Bureau/ETU004176/S4/Systeme d'info/Projet final S4/system/Boot.php(166): CodeIgniter\Boot::runCommand()
#10 /home/itu/Bureau/ETU004176/S4/Systeme d'info/Projet final S4/spark(87): CodeIgniter\Boot::bootSpark()
#11 {main}
CRITICAL - 2026-07-20 06:16:15 --> CodeIgniter\Database\Exceptions\DatabaseException: Unable to connect to the database.
Main connection [SQLite3]: SQLite3 error: Unable to open database: unable to open database file
[Method: CLI, Route: db:seed/DatabaseSeeder]
in SYSTEMPATH/Database/BaseConnection.php on line 606.
 1 SYSTEMPATH/Database/SQLite3/Connection.php(74): CodeIgniter\Database\BaseConnection->initialize()
 2 SYSTEMPATH/Database/Database.php(74): CodeIgniter\Database\SQLite3\Connection->initialize()
 3 SYSTEMPATH/Database/Config.php(111): CodeIgniter\Database\Database->loadForge()
 4 SYSTEMPATH/Database/Seeder.php(103): CodeIgniter\Database\Config::forge()
 5 SYSTEMPATH/Commands/Database/Seed.php(71): CodeIgniter\Database\Seeder->__construct()
 6 SYSTEMPATH/CLI/Commands.php(74): CodeIgniter\Commands\Database\Seed->run()
 7 SYSTEMPATH/CLI/Console.php(47): CodeIgniter\CLI\Commands->run()
 8 SYSTEMPATH/Boot.php(442): CodeIgniter\CLI\Console->run()
 9 SYSTEMPATH/Boot.php(166): CodeIgniter\Boot::runCommand()
10 ROOTPATH/spark(87): CodeIgniter\Boot::bootSpark()
ERROR - 2026-07-20 06:17:10 --> Error connecting to the database: Exception: Unable to open database: unable to open database file in /home/itu/Bureau/ETU004176/S4/Systeme d'info/Projet final S4/system/Database/SQLite3/Connection.php:111
Stack trace:
#0 /home/itu/Bureau/ETU004176/S4/Systeme d'info/Projet final S4/system/Database/SQLite3/Connection.php(111): SQLite3->__construct()
#1 /home/itu/Bureau/ETU004176/S4/Systeme d'info/Projet final S4/system/Database/BaseConnection.php(555): CodeIgniter\Database\SQLite3\Connection->connect()
#2 /home/itu/Bureau/ETU004176/S4/Systeme d'info/Projet final S4/system/Database/SQLite3/Connection.php(74): CodeIgniter\Database\BaseConnection->initialize()
#3 /home/itu/Bureau/ETU004176/S4/Systeme d'info/Projet final S4/system/Database/Database.php(74): CodeIgniter\Database\SQLite3\Connection->initialize()
#4 /home/itu/Bureau/ETU004176/S4/Systeme d'info/Projet final S4/system/Database/Config.php(111): CodeIgniter\Database\Database->loadForge()
#5 /home/itu/Bureau/ETU004176/S4/Systeme d'info/Projet final S4/system/Database/Seeder.php(103): CodeIgniter\Database\Config::forge()
#6 /home/itu/Bureau/ETU004176/S4/Systeme d'info/Projet final S4/system/Commands/Database/Seed.php(71): CodeIgniter\Database\Seeder->__construct()
#7 /home/itu/Bureau/ETU004176/S4/Systeme d'info/Projet final S4/system/CLI/Commands.php(74): CodeIgniter\Commands\Database\Seed->run()
#8 /home/itu/Bureau/ETU004176/S4/Systeme d'info/Projet final S4/system/CLI/Console.php(47): CodeIgniter\CLI\Commands->run()
#9 /home/itu/Bureau/ETU004176/S4/Systeme d'info/Projet final S4/system/Boot.php(442): CodeIgniter\CLI\Console->run()
#10 /home/itu/Bureau/ETU004176/S4/Systeme d'info/Projet final S4/system/Boot.php(166): CodeIgniter\Boot::runCommand()
#11 /home/itu/Bureau/ETU004176/S4/Systeme d'info/Projet final S4/spark(87): CodeIgniter\Boot::bootSpark()
#12 {main}

Next CodeIgniter\Database\Exceptions\DatabaseException: SQLite3 error: Unable to open database: unable to open database file in /home/itu/Bureau/ETU004176/S4/Systeme d'info/Projet final S4/system/Database/SQLite3/Connection.php:118
Stack trace:
#0 /home/itu/Bureau/ETU004176/S4/Systeme d'info/Projet final S4/system/Database/BaseConnection.php(555): CodeIgniter\Database\SQLite3\Connection->connect()
#1 /home/itu/Bureau/ETU004176/S4/Systeme d'info/Projet final S4/system/Database/SQLite3/Connection.php(74): CodeIgniter\Database\BaseConnection->initialize()
#2 /home/itu/Bureau/ETU004176/S4/Systeme d'info/Projet final S4/system/Database/Database.php(74): CodeIgniter\Database\SQLite3\Connection->initialize()
#3 /home/itu/Bureau/ETU004176/S4/Systeme d'info/Projet final S4/system/Database/Config.php(111): CodeIgniter\Database\Database->loadForge()
#4 /home/itu/Bureau/ETU004176/S4/Systeme d'info/Projet final S4/system/Database/Seeder.php(103): CodeIgniter\Database\Config::forge()
#5 /home/itu/Bureau/ETU004176/S4/Systeme d'info/Projet final S4/system/Commands/Database/Seed.php(71): CodeIgniter\Database\Seeder->__construct()
#6 /home/itu/Bureau/ETU004176/S4/Systeme d'info/Projet final S4/system/CLI/Commands.php(74): CodeIgniter\Commands\Database\Seed->run()
#7 /home/itu/Bureau/ETU004176/S4/Systeme d'info/Projet final S4/system/CLI/Console.php(47): CodeIgniter\CLI\Commands->run()
#8 /home/itu/Bureau/ETU004176/S4/Systeme d'info/Projet final S4/system/Boot.php(442): CodeIgniter\CLI\Console->run()
#9 /home/itu/Bureau/ETU004176/S4/Systeme d'info/Projet final S4/system/Boot.php(166): CodeIgniter\Boot::runCommand()
#10 /home/itu/Bureau/ETU004176/S4/Systeme d'info/Projet final S4/spark(87): CodeIgniter\Boot::bootSpark()
#11 {main}
CRITICAL - 2026-07-20 06:17:10 --> CodeIgniter\Database\Exceptions\DatabaseException: Unable to connect to the database.
Main connection [SQLite3]: SQLite3 error: Unable to open database: unable to open database file
[Method: CLI, Route: db:seed/DatabaseSeeder]
in SYSTEMPATH/Database/BaseConnection.php on line 606.
 1 SYSTEMPATH/Database/SQLite3/Connection.php(74): CodeIgniter\Database\BaseConnection->initialize()
 2 SYSTEMPATH/Database/Database.php(74): CodeIgniter\Database\SQLite3\Connection->initialize()
 3 SYSTEMPATH/Database/Config.php(111): CodeIgniter\Database\Database->loadForge()
 4 SYSTEMPATH/Database/Seeder.php(103): CodeIgniter\Database\Config::forge()
 5 SYSTEMPATH/Commands/Database/Seed.php(71): CodeIgniter\Database\Seeder->__construct()
 6 SYSTEMPATH/CLI/Commands.php(74): CodeIgniter\Commands\Database\Seed->run()
 7 SYSTEMPATH/CLI/Console.php(47): CodeIgniter\CLI\Commands->run()
 8 SYSTEMPATH/Boot.php(442): CodeIgniter\CLI\Console->run()
 9 SYSTEMPATH/Boot.php(166): CodeIgniter\Boot::runCommand()
10 ROOTPATH/spark(87): CodeIgniter\Boot::bootSpark()
ERROR - 2026-07-20 06:18:25 --> Error connecting to the database: Exception: Unable to open database: unable to open database file in /home/itu/Bureau/ETU004176/S4/Systeme d'info/Projet final S4/system/Database/SQLite3/Connection.php:111
Stack trace:
#0 /home/itu/Bureau/ETU004176/S4/Systeme d'info/Projet final S4/system/Database/SQLite3/Connection.php(111): SQLite3->__construct()
#1 /home/itu/Bureau/ETU004176/S4/Systeme d'info/Projet final S4/system/Database/BaseConnection.php(555): CodeIgniter\Database\SQLite3\Connection->connect()
#2 /home/itu/Bureau/ETU004176/S4/Systeme d'info/Projet final S4/system/Database/SQLite3/Connection.php(74): CodeIgniter\Database\BaseConnection->initialize()
#3 /home/itu/Bureau/ETU004176/S4/Systeme d'info/Projet final S4/system/Database/Database.php(74): CodeIgniter\Database\SQLite3\Connection->initialize()
#4 /home/itu/Bureau/ETU004176/S4/Systeme d'info/Projet final S4/system/Database/Config.php(111): CodeIgniter\Database\Database->loadForge()
#5 /home/itu/Bureau/ETU004176/S4/Systeme d'info/Projet final S4/system/Database/Seeder.php(103): CodeIgniter\Database\Config::forge()
#6 /home/itu/Bureau/ETU004176/S4/Systeme d'info/Projet final S4/system/Commands/Database/Seed.php(71): CodeIgniter\Database\Seeder->__construct()
#7 /home/itu/Bureau/ETU004176/S4/Systeme d'info/Projet final S4/system/CLI/Commands.php(74): CodeIgniter\Commands\Database\Seed->run()
#8 /home/itu/Bureau/ETU004176/S4/Systeme d'info/Projet final S4/system/CLI/Console.php(47): CodeIgniter\CLI\Commands->run()
#9 /home/itu/Bureau/ETU004176/S4/Systeme d'info/Projet final S4/system/Boot.php(442): CodeIgniter\CLI\Console->run()
#10 /home/itu/Bureau/ETU004176/S4/Systeme d'info/Projet final S4/system/Boot.php(166): CodeIgniter\Boot::runCommand()
#11 /home/itu/Bureau/ETU004176/S4/Systeme d'info/Projet final S4/spark(87): CodeIgniter\Boot::bootSpark()
#12 {main}

Next CodeIgniter\Database\Exceptions\DatabaseException: SQLite3 error: Unable to open database: unable to open database file in /home/itu/Bureau/ETU004176/S4/Systeme d'info/Projet final S4/system/Database/SQLite3/Connection.php:118
Stack trace:
#0 /home/itu/Bureau/ETU004176/S4/Systeme d'info/Projet final S4/system/Database/BaseConnection.php(555): CodeIgniter\Database\SQLite3\Connection->connect()
#1 /home/itu/Bureau/ETU004176/S4/Systeme d'info/Projet final S4/system/Database/SQLite3/Connection.php(74): CodeIgniter\Database\BaseConnection->initialize()
#2 /home/itu/Bureau/ETU004176/S4/Systeme d'info/Projet final S4/system/Database/Database.php(74): CodeIgniter\Database\SQLite3\Connection->initialize()
#3 /home/itu/Bureau/ETU004176/S4/Systeme d'info/Projet final S4/system/Database/Config.php(111): CodeIgniter\Database\Database->loadForge()
#4 /home/itu/Bureau/ETU004176/S4/Systeme d'info/Projet final S4/system/Database/Seeder.php(103): CodeIgniter\Database\Config::forge()
#5 /home/itu/Bureau/ETU004176/S4/Systeme d'info/Projet final S4/system/Commands/Database/Seed.php(71): CodeIgniter\Database\Seeder->__construct()
#6 /home/itu/Bureau/ETU004176/S4/Systeme d'info/Projet final S4/system/CLI/Commands.php(74): CodeIgniter\Commands\Database\Seed->run()
#7 /home/itu/Bureau/ETU004176/S4/Systeme d'info/Projet final S4/system/CLI/Console.php(47): CodeIgniter\CLI\Commands->run()
#8 /home/itu/Bureau/ETU004176/S4/Systeme d'info/Projet final S4/system/Boot.php(442): CodeIgniter\CLI\Console->run()
#9 /home/itu/Bureau/ETU004176/S4/Systeme d'info/Projet final S4/system/Boot.php(166): CodeIgniter\Boot::runCommand()
#10 /home/itu/Bureau/ETU004176/S4/Systeme d'info/Projet final S4/spark(87): CodeIgniter\Boot::bootSpark()
#11 {main}
CRITICAL - 2026-07-20 06:18:25 --> CodeIgniter\Database\Exceptions\DatabaseException: Unable to connect to the database.
Main connection [SQLite3]: SQLite3 error: Unable to open database: unable to open database file
[Method: CLI, Route: db:seed/DatabaseSeeder]
in SYSTEMPATH/Database/BaseConnection.php on line 606.
 1 SYSTEMPATH/Database/SQLite3/Connection.php(74): CodeIgniter\Database\BaseConnection->initialize()
 2 SYSTEMPATH/Database/Database.php(74): CodeIgniter\Database\SQLite3\Connection->initialize()
 3 SYSTEMPATH/Database/Config.php(111): CodeIgniter\Database\Database->loadForge()
 4 SYSTEMPATH/Database/Seeder.php(103): CodeIgniter\Database\Config::forge()
 5 SYSTEMPATH/Commands/Database/Seed.php(71): CodeIgniter\Database\Seeder->__construct()
 6 SYSTEMPATH/CLI/Commands.php(74): CodeIgniter\Commands\Database\Seed->run()
 7 SYSTEMPATH/CLI/Console.php(47): CodeIgniter\CLI\Commands->run()
 8 SYSTEMPATH/Boot.php(442): CodeIgniter\CLI\Console->run()
 9 SYSTEMPATH/Boot.php(166): CodeIgniter\Boot::runCommand()
10 ROOTPATH/spark(87): CodeIgniter\Boot::bootSpark()
ERROR - 2026-07-20 06:19:53 --> Error connecting to the database: Exception: Unable to open database: unable to open database file in /home/itu/Bureau/ETU004176/S4/Systeme d'info/Projet final S4/system/Database/SQLite3/Connection.php:111
Stack trace:
#0 /home/itu/Bureau/ETU004176/S4/Systeme d'info/Projet final S4/system/Database/SQLite3/Connection.php(111): SQLite3->__construct()
#1 /home/itu/Bureau/ETU004176/S4/Systeme d'info/Projet final S4/system/Database/BaseConnection.php(555): CodeIgniter\Database\SQLite3\Connection->connect()
#2 /home/itu/Bureau/ETU004176/S4/Systeme d'info/Projet final S4/system/Database/SQLite3/Connection.php(74): CodeIgniter\Database\BaseConnection->initialize()
#3 /home/itu/Bureau/ETU004176/S4/Systeme d'info/Projet final S4/system/Database/Database.php(74): CodeIgniter\Database\SQLite3\Connection->initialize()
#4 /home/itu/Bureau/ETU004176/S4/Systeme d'info/Projet final S4/system/Database/Config.php(111): CodeIgniter\Database\Database->loadForge()
#5 /home/itu/Bureau/ETU004176/S4/Systeme d'info/Projet final S4/system/Database/Seeder.php(103): CodeIgniter\Database\Config::forge()
#6 /home/itu/Bureau/ETU004176/S4/Systeme d'info/Projet final S4/system/Commands/Database/Seed.php(71): CodeIgniter\Database\Seeder->__construct()
#7 /home/itu/Bureau/ETU004176/S4/Systeme d'info/Projet final S4/system/CLI/Commands.php(74): CodeIgniter\Commands\Database\Seed->run()
#8 /home/itu/Bureau/ETU004176/S4/Systeme d'info/Projet final S4/system/CLI/Console.php(47): CodeIgniter\CLI\Commands->run()
#9 /home/itu/Bureau/ETU004176/S4/Systeme d'info/Projet final S4/system/Boot.php(442): CodeIgniter\CLI\Console->run()
#10 /home/itu/Bureau/ETU004176/S4/Systeme d'info/Projet final S4/system/Boot.php(166): CodeIgniter\Boot::runCommand()
#11 /home/itu/Bureau/ETU004176/S4/Systeme d'info/Projet final S4/spark(87): CodeIgniter\Boot::bootSpark()
#12 {main}

Next CodeIgniter\Database\Exceptions\DatabaseException: SQLite3 error: Unable to open database: unable to open database file in /home/itu/Bureau/ETU004176/S4/Systeme d'info/Projet final S4/system/Database/SQLite3/Connection.php:118
Stack trace:
#0 /home/itu/Bureau/ETU004176/S4/Systeme d'info/Projet final S4/system/Database/BaseConnection.php(555): CodeIgniter\Database\SQLite3\Connection->connect()
#1 /home/itu/Bureau/ETU004176/S4/Systeme d'info/Projet final S4/system/Database/SQLite3/Connection.php(74): CodeIgniter\Database\BaseConnection->initialize()
#2 /home/itu/Bureau/ETU004176/S4/Systeme d'info/Projet final S4/system/Database/Database.php(74): CodeIgniter\Database\SQLite3\Connection->initialize()
#3 /home/itu/Bureau/ETU004176/S4/Systeme d'info/Projet final S4/system/Database/Config.php(111): CodeIgniter\Database\Database->loadForge()
#4 /home/itu/Bureau/ETU004176/S4/Systeme d'info/Projet final S4/system/Database/Seeder.php(103): CodeIgniter\Database\Config::forge()
#5 /home/itu/Bureau/ETU004176/S4/Systeme d'info/Projet final S4/system/Commands/Database/Seed.php(71): CodeIgniter\Database\Seeder->__construct()
#6 /home/itu/Bureau/ETU004176/S4/Systeme d'info/Projet final S4/system/CLI/Commands.php(74): CodeIgniter\Commands\Database\Seed->run()
#7 /home/itu/Bureau/ETU004176/S4/Systeme d'info/Projet final S4/system/CLI/Console.php(47): CodeIgniter\CLI\Commands->run()
#8 /home/itu/Bureau/ETU004176/S4/Systeme d'info/Projet final S4/system/Boot.php(442): CodeIgniter\CLI\Console->run()
#9 /home/itu/Bureau/ETU004176/S4/Systeme d'info/Projet final S4/system/Boot.php(166): CodeIgniter\Boot::runCommand()
#10 /home/itu/Bureau/ETU004176/S4/Systeme d'info/Projet final S4/spark(87): CodeIgniter\Boot::bootSpark()
#11 {main}
CRITICAL - 2026-07-20 06:19:53 --> CodeIgniter\Database\Exceptions\DatabaseException: Unable to connect to the database.
Main connection [SQLite3]: SQLite3 error: Unable to open database: unable to open database file
[Method: CLI, Route: db:seed/DatabaseSeeder]
in SYSTEMPATH/Database/BaseConnection.php on line 606.
 1 SYSTEMPATH/Database/SQLite3/Connection.php(74): CodeIgniter\Database\BaseConnection->initialize()
 2 SYSTEMPATH/Database/Database.php(74): CodeIgniter\Database\SQLite3\Connection->initialize()
 3 SYSTEMPATH/Database/Config.php(111): CodeIgniter\Database\Database->loadForge()
 4 SYSTEMPATH/Database/Seeder.php(103): CodeIgniter\Database\Config::forge()
 5 SYSTEMPATH/Commands/Database/Seed.php(71): CodeIgniter\Database\Seeder->__construct()
 6 SYSTEMPATH/CLI/Commands.php(74): CodeIgniter\Commands\Database\Seed->run()
 7 SYSTEMPATH/CLI/Console.php(47): CodeIgniter\CLI\Commands->run()
 8 SYSTEMPATH/Boot.php(442): CodeIgniter\CLI\Console->run()
 9 SYSTEMPATH/Boot.php(166): CodeIgniter\Boot::runCommand()
10 ROOTPATH/spark(87): CodeIgniter\Boot::bootSpark()
ERROR - 2026-07-20 06:21:21 --> Error connecting to the database: Exception: Unable to open database: unable to open database file in /home/itu/Bureau/ETU004176/S4/Systeme_info/Projet final S4/system/Database/SQLite3/Connection.php:111
Stack trace:
#0 /home/itu/Bureau/ETU004176/S4/Systeme_info/Projet final S4/system/Database/SQLite3/Connection.php(111): SQLite3->__construct()
#1 /home/itu/Bureau/ETU004176/S4/Systeme_info/Projet final S4/system/Database/BaseConnection.php(555): CodeIgniter\Database\SQLite3\Connection->connect()
#2 /home/itu/Bureau/ETU004176/S4/Systeme_info/Projet final S4/system/Database/SQLite3/Connection.php(74): CodeIgniter\Database\BaseConnection->initialize()
#3 /home/itu/Bureau/ETU004176/S4/Systeme_info/Projet final S4/system/Database/Database.php(74): CodeIgniter\Database\SQLite3\Connection->initialize()
#4 /home/itu/Bureau/ETU004176/S4/Systeme_info/Projet final S4/system/Database/Config.php(111): CodeIgniter\Database\Database->loadForge()
#5 /home/itu/Bureau/ETU004176/S4/Systeme_info/Projet final S4/system/Database/Seeder.php(103): CodeIgniter\Database\Config::forge()
#6 /home/itu/Bureau/ETU004176/S4/Systeme_info/Projet final S4/system/Commands/Database/Seed.php(71): CodeIgniter\Database\Seeder->__construct()
#7 /home/itu/Bureau/ETU004176/S4/Systeme_info/Projet final S4/system/CLI/Commands.php(74): CodeIgniter\Commands\Database\Seed->run()
#8 /home/itu/Bureau/ETU004176/S4/Systeme_info/Projet final S4/system/CLI/Console.php(47): CodeIgniter\CLI\Commands->run()
#9 /home/itu/Bureau/ETU004176/S4/Systeme_info/Projet final S4/system/Boot.php(442): CodeIgniter\CLI\Console->run()
#10 /home/itu/Bureau/ETU004176/S4/Systeme_info/Projet final S4/system/Boot.php(166): CodeIgniter\Boot::runCommand()
#11 /home/itu/Bureau/ETU004176/S4/Systeme_info/Projet final S4/spark(87): CodeIgniter\Boot::bootSpark()
#12 {main}

Next CodeIgniter\Database\Exceptions\DatabaseException: SQLite3 error: Unable to open database: unable to open database file in /home/itu/Bureau/ETU004176/S4/Systeme_info/Projet final S4/system/Database/SQLite3/Connection.php:118
Stack trace:
#0 /home/itu/Bureau/ETU004176/S4/Systeme_info/Projet final S4/system/Database/BaseConnection.php(555): CodeIgniter\Database\SQLite3\Connection->connect()
#1 /home/itu/Bureau/ETU004176/S4/Systeme_info/Projet final S4/system/Database/SQLite3/Connection.php(74): CodeIgniter\Database\BaseConnection->initialize()
#2 /home/itu/Bureau/ETU004176/S4/Systeme_info/Projet final S4/system/Database/Database.php(74): CodeIgniter\Database\SQLite3\Connection->initialize()
#3 /home/itu/Bureau/ETU004176/S4/Systeme_info/Projet final S4/system/Database/Config.php(111): CodeIgniter\Database\Database->loadForge()
#4 /home/itu/Bureau/ETU004176/S4/Systeme_info/Projet final S4/system/Database/Seeder.php(103): CodeIgniter\Database\Config::forge()
#5 /home/itu/Bureau/ETU004176/S4/Systeme_info/Projet final S4/system/Commands/Database/Seed.php(71): CodeIgniter\Database\Seeder->__construct()
#6 /home/itu/Bureau/ETU004176/S4/Systeme_info/Projet final S4/system/CLI/Commands.php(74): CodeIgniter\Commands\Database\Seed->run()
#7 /home/itu/Bureau/ETU004176/S4/Systeme_info/Projet final S4/system/CLI/Console.php(47): CodeIgniter\CLI\Commands->run()
#8 /home/itu/Bureau/ETU004176/S4/Systeme_info/Projet final S4/system/Boot.php(442): CodeIgniter\CLI\Console->run()
#9 /home/itu/Bureau/ETU004176/S4/Systeme_info/Projet final S4/system/Boot.php(166): CodeIgniter\Boot::runCommand()
#10 /home/itu/Bureau/ETU004176/S4/Systeme_info/Projet final S4/spark(87): CodeIgniter\Boot::bootSpark()
#11 {main}
CRITICAL - 2026-07-20 06:21:21 --> CodeIgniter\Database\Exceptions\DatabaseException: Unable to connect to the database.
Main connection [SQLite3]: SQLite3 error: Unable to open database: unable to open database file
[Method: CLI, Route: db:seed/DatabaseSeeder]
in SYSTEMPATH/Database/BaseConnection.php on line 606.
 1 SYSTEMPATH/Database/SQLite3/Connection.php(74): CodeIgniter\Database\BaseConnection->initialize()
 2 SYSTEMPATH/Database/Database.php(74): CodeIgniter\Database\SQLite3\Connection->initialize()
 3 SYSTEMPATH/Database/Config.php(111): CodeIgniter\Database\Database->loadForge()
 4 SYSTEMPATH/Database/Seeder.php(103): CodeIgniter\Database\Config::forge()
 5 SYSTEMPATH/Commands/Database/Seed.php(71): CodeIgniter\Database\Seeder->__construct()
 6 SYSTEMPATH/CLI/Commands.php(74): CodeIgniter\Commands\Database\Seed->run()
 7 SYSTEMPATH/CLI/Console.php(47): CodeIgniter\CLI\Commands->run()
 8 SYSTEMPATH/Boot.php(442): CodeIgniter\CLI\Console->run()
 9 SYSTEMPATH/Boot.php(166): CodeIgniter\Boot::runCommand()
10 ROOTPATH/spark(87): CodeIgniter\Boot::bootSpark()
ERROR - 2026-07-20 06:23:11 --> Error connecting to the database: Exception: Unable to open database: unable to open database file in /home/itu/Bureau/ETU004176/S4/Systeme_info/Projet final S4/system/Database/SQLite3/Connection.php:111
Stack trace:
#0 /home/itu/Bureau/ETU004176/S4/Systeme_info/Projet final S4/system/Database/SQLite3/Connection.php(111): SQLite3->__construct()
#1 /home/itu/Bureau/ETU004176/S4/Systeme_info/Projet final S4/system/Database/BaseConnection.php(555): CodeIgniter\Database\SQLite3\Connection->connect()
#2 /home/itu/Bureau/ETU004176/S4/Systeme_info/Projet final S4/system/Database/SQLite3/Connection.php(74): CodeIgniter\Database\BaseConnection->initialize()
#3 /home/itu/Bureau/ETU004176/S4/Systeme_info/Projet final S4/system/Database/Database.php(74): CodeIgniter\Database\SQLite3\Connection->initialize()
#4 /home/itu/Bureau/ETU004176/S4/Systeme_info/Projet final S4/system/Database/Config.php(111): CodeIgniter\Database\Database->loadForge()
#5 /home/itu/Bureau/ETU004176/S4/Systeme_info/Projet final S4/system/Database/Seeder.php(103): CodeIgniter\Database\Config::forge()
#6 /home/itu/Bureau/ETU004176/S4/Systeme_info/Projet final S4/system/Commands/Database/Seed.php(71): CodeIgniter\Database\Seeder->__construct()
#7 /home/itu/Bureau/ETU004176/S4/Systeme_info/Projet final S4/system/CLI/Commands.php(74): CodeIgniter\Commands\Database\Seed->run()
#8 /home/itu/Bureau/ETU004176/S4/Systeme_info/Projet final S4/system/CLI/Console.php(47): CodeIgniter\CLI\Commands->run()
#9 /home/itu/Bureau/ETU004176/S4/Systeme_info/Projet final S4/system/Boot.php(442): CodeIgniter\CLI\Console->run()
#10 /home/itu/Bureau/ETU004176/S4/Systeme_info/Projet final S4/system/Boot.php(166): CodeIgniter\Boot::runCommand()
#11 /home/itu/Bureau/ETU004176/S4/Systeme_info/Projet final S4/spark(87): CodeIgniter\Boot::bootSpark()
#12 {main}

Next CodeIgniter\Database\Exceptions\DatabaseException: SQLite3 error: Unable to open database: unable to open database file in /home/itu/Bureau/ETU004176/S4/Systeme_info/Projet final S4/system/Database/SQLite3/Connection.php:118
Stack trace:
#0 /home/itu/Bureau/ETU004176/S4/Systeme_info/Projet final S4/system/Database/BaseConnection.php(555): CodeIgniter\Database\SQLite3\Connection->connect()
#1 /home/itu/Bureau/ETU004176/S4/Systeme_info/Projet final S4/system/Database/SQLite3/Connection.php(74): CodeIgniter\Database\BaseConnection->initialize()
#2 /home/itu/Bureau/ETU004176/S4/Systeme_info/Projet final S4/system/Database/Database.php(74): CodeIgniter\Database\SQLite3\Connection->initialize()
#3 /home/itu/Bureau/ETU004176/S4/Systeme_info/Projet final S4/system/Database/Config.php(111): CodeIgniter\Database\Database->loadForge()
#4 /home/itu/Bureau/ETU004176/S4/Systeme_info/Projet final S4/system/Database/Seeder.php(103): CodeIgniter\Database\Config::forge()
#5 /home/itu/Bureau/ETU004176/S4/Systeme_info/Projet final S4/system/Commands/Database/Seed.php(71): CodeIgniter\Database\Seeder->__construct()
#6 /home/itu/Bureau/ETU004176/S4/Systeme_info/Projet final S4/system/CLI/Commands.php(74): CodeIgniter\Commands\Database\Seed->run()
#7 /home/itu/Bureau/ETU004176/S4/Systeme_info/Projet final S4/system/CLI/Console.php(47): CodeIgniter\CLI\Commands->run()
#8 /home/itu/Bureau/ETU004176/S4/Systeme_info/Projet final S4/system/Boot.php(442): CodeIgniter\CLI\Console->run()
#9 /home/itu/Bureau/ETU004176/S4/Systeme_info/Projet final S4/system/Boot.php(166): CodeIgniter\Boot::runCommand()
#10 /home/itu/Bureau/ETU004176/S4/Systeme_info/Projet final S4/spark(87): CodeIgniter\Boot::bootSpark()
#11 {main}
CRITICAL - 2026-07-20 06:23:11 --> CodeIgniter\Database\Exceptions\DatabaseException: Unable to connect to the database.
Main connection [SQLite3]: SQLite3 error: Unable to open database: unable to open database file
[Method: CLI, Route: db:seed/DatabaseSeeder]
in SYSTEMPATH/Database/BaseConnection.php on line 606.
 1 SYSTEMPATH/Database/SQLite3/Connection.php(74): CodeIgniter\Database\BaseConnection->initialize()
 2 SYSTEMPATH/Database/Database.php(74): CodeIgniter\Database\SQLite3\Connection->initialize()
 3 SYSTEMPATH/Database/Config.php(111): CodeIgniter\Database\Database->loadForge()
 4 SYSTEMPATH/Database/Seeder.php(103): CodeIgniter\Database\Config::forge()
 5 SYSTEMPATH/Commands/Database/Seed.php(71): CodeIgniter\Database\Seeder->__construct()
 6 SYSTEMPATH/CLI/Commands.php(74): CodeIgniter\Commands\Database\Seed->run()
 7 SYSTEMPATH/CLI/Console.php(47): CodeIgniter\CLI\Commands->run()
 8 SYSTEMPATH/Boot.php(442): CodeIgniter\CLI\Console->run()
 9 SYSTEMPATH/Boot.php(166): CodeIgniter\Boot::runCommand()
10 ROOTPATH/spark(87): CodeIgniter\Boot::bootSpark()
ERROR - 2026-07-20 06:25:55 --> Error connecting to the database: Exception: Unable to open database: unable to open database file in /home/itu/Bureau/ETU004176/S4/Systeme_info/Projet final S4/system/Database/SQLite3/Connection.php:111
Stack trace:
#0 /home/itu/Bureau/ETU004176/S4/Systeme_info/Projet final S4/system/Database/SQLite3/Connection.php(111): SQLite3->__construct()
#1 /home/itu/Bureau/ETU004176/S4/Systeme_info/Projet final S4/system/Database/BaseConnection.php(555): CodeIgniter\Database\SQLite3\Connection->connect()
#2 /home/itu/Bureau/ETU004176/S4/Systeme_info/Projet final S4/system/Database/SQLite3/Connection.php(74): CodeIgniter\Database\BaseConnection->initialize()
#3 /home/itu/Bureau/ETU004176/S4/Systeme_info/Projet final S4/system/Database/Database.php(74): CodeIgniter\Database\SQLite3\Connection->initialize()
#4 /home/itu/Bureau/ETU004176/S4/Systeme_info/Projet final S4/system/Database/Config.php(111): CodeIgniter\Database\Database->loadForge()
#5 /home/itu/Bureau/ETU004176/S4/Systeme_info/Projet final S4/system/Database/Seeder.php(103): CodeIgniter\Database\Config::forge()
#6 /home/itu/Bureau/ETU004176/S4/Systeme_info/Projet final S4/system/Commands/Database/Seed.php(71): CodeIgniter\Database\Seeder->__construct()
#7 /home/itu/Bureau/ETU004176/S4/Systeme_info/Projet final S4/system/CLI/Commands.php(74): CodeIgniter\Commands\Database\Seed->run()
#8 /home/itu/Bureau/ETU004176/S4/Systeme_info/Projet final S4/system/CLI/Console.php(47): CodeIgniter\CLI\Commands->run()
#9 /home/itu/Bureau/ETU004176/S4/Systeme_info/Projet final S4/system/Boot.php(442): CodeIgniter\CLI\Console->run()
#10 /home/itu/Bureau/ETU004176/S4/Systeme_info/Projet final S4/system/Boot.php(166): CodeIgniter\Boot::runCommand()
#11 /home/itu/Bureau/ETU004176/S4/Systeme_info/Projet final S4/spark(87): CodeIgniter\Boot::bootSpark()
#12 {main}

Next CodeIgniter\Database\Exceptions\DatabaseException: SQLite3 error: Unable to open database: unable to open database file in /home/itu/Bureau/ETU004176/S4/Systeme_info/Projet final S4/system/Database/SQLite3/Connection.php:118
Stack trace:
#0 /home/itu/Bureau/ETU004176/S4/Systeme_info/Projet final S4/system/Database/BaseConnection.php(555): CodeIgniter\Database\SQLite3\Connection->connect()
#1 /home/itu/Bureau/ETU004176/S4/Systeme_info/Projet final S4/system/Database/SQLite3/Connection.php(74): CodeIgniter\Database\BaseConnection->initialize()
#2 /home/itu/Bureau/ETU004176/S4/Systeme_info/Projet final S4/system/Database/Database.php(74): CodeIgniter\Database\SQLite3\Connection->initialize()
#3 /home/itu/Bureau/ETU004176/S4/Systeme_info/Projet final S4/system/Database/Config.php(111): CodeIgniter\Database\Database->loadForge()
#4 /home/itu/Bureau/ETU004176/S4/Systeme_info/Projet final S4/system/Database/Seeder.php(103): CodeIgniter\Database\Config::forge()
#5 /home/itu/Bureau/ETU004176/S4/Systeme_info/Projet final S4/system/Commands/Database/Seed.php(71): CodeIgniter\Database\Seeder->__construct()
#6 /home/itu/Bureau/ETU004176/S4/Systeme_info/Projet final S4/system/CLI/Commands.php(74): CodeIgniter\Commands\Database\Seed->run()
#7 /home/itu/Bureau/ETU004176/S4/Systeme_info/Projet final S4/system/CLI/Console.php(47): CodeIgniter\CLI\Commands->run()
#8 /home/itu/Bureau/ETU004176/S4/Systeme_info/Projet final S4/system/Boot.php(442): CodeIgniter\CLI\Console->run()
#9 /home/itu/Bureau/ETU004176/S4/Systeme_info/Projet final S4/system/Boot.php(166): CodeIgniter\Boot::runCommand()
#10 /home/itu/Bureau/ETU004176/S4/Systeme_info/Projet final S4/spark(87): CodeIgniter\Boot::bootSpark()
#11 {main}
CRITICAL - 2026-07-20 06:25:55 --> CodeIgniter\Database\Exceptions\DatabaseException: Unable to connect to the database.
Main connection [SQLite3]: SQLite3 error: Unable to open database: unable to open database file
[Method: CLI, Route: db:seed/DatabaseSeeder]
in SYSTEMPATH/Database/BaseConnection.php on line 606.
 1 SYSTEMPATH/Database/SQLite3/Connection.php(74): CodeIgniter\Database\BaseConnection->initialize()
 2 SYSTEMPATH/Database/Database.php(74): CodeIgniter\Database\SQLite3\Connection->initialize()
 3 SYSTEMPATH/Database/Config.php(111): CodeIgniter\Database\Database->loadForge()
 4 SYSTEMPATH/Database/Seeder.php(103): CodeIgniter\Database\Config::forge()
 5 SYSTEMPATH/Commands/Database/Seed.php(71): CodeIgniter\Database\Seeder->__construct()
 6 SYSTEMPATH/CLI/Commands.php(74): CodeIgniter\Commands\Database\Seed->run()
 7 SYSTEMPATH/CLI/Console.php(47): CodeIgniter\CLI\Commands->run()
 8 SYSTEMPATH/Boot.php(442): CodeIgniter\CLI\Console->run()
 9 SYSTEMPATH/Boot.php(166): CodeIgniter\Boot::runCommand()
10 ROOTPATH/spark(87): CodeIgniter\Boot::bootSpark()
WARNING - 2026-07-20 06:59:44 --> [DEPRECATED] Passing lowercase HTTP method "get" is deprecated. Use uppercase HTTP method like "GET". in SYSTEMPATH/Router/RouteCollection.php on line 1026.
 1 SYSTEMPATH/Router/RouteCollection.php(1026): trigger_error('Passing lowercase HTTP method "get" is deprecated. Use uppercase HTTP method like "GET".', 16384)
 2 APPPATH/Config/Routes.php(11): CodeIgniter\Router\RouteCollection->match([...], 'operateur/prefixes/create', 'Operateur\\Prefixes::create')
 3 SYSTEMPATH/Router/RouteCollection.php(339): require('/home/itu/Bureau/ETU004176/S4/Systeme_info/Projet final S4/app/Config/Routes.php')
 4 SYSTEMPATH/CLI/Console.php(41): CodeIgniter\Router\RouteCollection->loadRoutes()
 5 SYSTEMPATH/Boot.php(442): CodeIgniter\CLI\Console->run()
 6 SYSTEMPATH/Boot.php(166): CodeIgniter\Boot::runCommand(Object(CodeIgniter\CLI\Console))
 7 ROOTPATH/spark(87): CodeIgniter\Boot::bootSpark(Object(Config\Paths))
WARNING - 2026-07-20 06:59:44 --> [DEPRECATED] Passing lowercase HTTP method "post" is deprecated. Use uppercase HTTP method like "POST". in SYSTEMPATH/Router/RouteCollection.php on line 1026.
 1 SYSTEMPATH/Router/RouteCollection.php(1026): trigger_error('Passing lowercase HTTP method "post" is deprecated. Use uppercase HTTP method like "POST".', 16384)
 2 APPPATH/Config/Routes.php(11): CodeIgniter\Router\RouteCollection->match([...], 'operateur/prefixes/create', 'Operateur\\Prefixes::create')
 3 SYSTEMPATH/Router/RouteCollection.php(339): require('/home/itu/Bureau/ETU004176/S4/Systeme_info/Projet final S4/app/Config/Routes.php')
 4 SYSTEMPATH/CLI/Console.php(41): CodeIgniter\Router\RouteCollection->loadRoutes()
 5 SYSTEMPATH/Boot.php(442): CodeIgniter\CLI\Console->run()
 6 SYSTEMPATH/Boot.php(166): CodeIgniter\Boot::runCommand(Object(CodeIgniter\CLI\Console))
 7 ROOTPATH/spark(87): CodeIgniter\Boot::bootSpark(Object(Config\Paths))
WARNING - 2026-07-20 06:59:44 --> [DEPRECATED] Passing lowercase HTTP method "get" is deprecated. Use uppercase HTTP method like "GET". in SYSTEMPATH/Router/RouteCollection.php on line 1026.
 1 SYSTEMPATH/Router/RouteCollection.php(1026): trigger_error('Passing lowercase HTTP method "get" is deprecated. Use uppercase HTTP method like "GET".', 16384)
 2 APPPATH/Config/Routes.php(12): CodeIgniter\Router\RouteCollection->match([...], 'operateur/prefixes/edit/(:num)', 'Operateur\\Prefixes::edit/$1')
 3 SYSTEMPATH/Router/RouteCollection.php(339): require('/home/itu/Bureau/ETU004176/S4/Systeme_info/Projet final S4/app/Config/Routes.php')
 4 SYSTEMPATH/CLI/Console.php(41): CodeIgniter\Router\RouteCollection->loadRoutes()
 5 SYSTEMPATH/Boot.php(442): CodeIgniter\CLI\Console->run()
 6 SYSTEMPATH/Boot.php(166): CodeIgniter\Boot::runCommand(Object(CodeIgniter\CLI\Console))
 7 ROOTPATH/spark(87): CodeIgniter\Boot::bootSpark(Object(Config\Paths))
WARNING - 2026-07-20 06:59:44 --> [DEPRECATED] Passing lowercase HTTP method "post" is deprecated. Use uppercase HTTP method like "POST". in SYSTEMPATH/Router/RouteCollection.php on line 1026.
 1 SYSTEMPATH/Router/RouteCollection.php(1026): trigger_error('Passing lowercase HTTP method "post" is deprecated. Use uppercase HTTP method like "POST".', 16384)
 2 APPPATH/Config/Routes.php(12): CodeIgniter\Router\RouteCollection->match([...], 'operateur/prefixes/edit/(:num)', 'Operateur\\Prefixes::edit/$1')
 3 SYSTEMPATH/Router/RouteCollection.php(339): require('/home/itu/Bureau/ETU004176/S4/Systeme_info/Projet final S4/app/Config/Routes.php')
 4 SYSTEMPATH/CLI/Console.php(41): CodeIgniter\Router\RouteCollection->loadRoutes()
 5 SYSTEMPATH/Boot.php(442): CodeIgniter\CLI\Console->run()
 6 SYSTEMPATH/Boot.php(166): CodeIgniter\Boot::runCommand(Object(CodeIgniter\CLI\Console))
 7 ROOTPATH/spark(87): CodeIgniter\Boot::bootSpark(Object(Config\Paths))
WARNING - 2026-07-20 06:59:44 --> [DEPRECATED] Passing lowercase HTTP method "get" is deprecated. Use uppercase HTTP method like "GET". in SYSTEMPATH/Router/RouteCollection.php on line 1026.
 1 SYSTEMPATH/Router/RouteCollection.php(1026): trigger_error('Passing lowercase HTTP method "get" is deprecated. Use uppercase HTTP method like "GET".', 16384)
 2 APPPATH/Config/Routes.php(17): CodeIgniter\Router\RouteCollection->match([...], 'operateur/types/baremes/add', 'Operateur\\TypesOperation::addBareme')
 3 SYSTEMPATH/Router/RouteCollection.php(339): require('/home/itu/Bureau/ETU004176/S4/Systeme_info/Projet final S4/app/Config/Routes.php')
 4 SYSTEMPATH/CLI/Console.php(41): CodeIgniter\Router\RouteCollection->loadRoutes()
 5 SYSTEMPATH/Boot.php(442): CodeIgniter\CLI\Console->run()
 6 SYSTEMPATH/Boot.php(166): CodeIgniter\Boot::runCommand(Object(CodeIgniter\CLI\Console))
 7 ROOTPATH/spark(87): CodeIgniter\Boot::bootSpark(Object(Config\Paths))
WARNING - 2026-07-20 06:59:44 --> [DEPRECATED] Passing lowercase HTTP method "post" is deprecated. Use uppercase HTTP method like "POST". in SYSTEMPATH/Router/RouteCollection.php on line 1026.
 1 SYSTEMPATH/Router/RouteCollection.php(1026): trigger_error('Passing lowercase HTTP method "post" is deprecated. Use uppercase HTTP method like "POST".', 16384)
 2 APPPATH/Config/Routes.php(17): CodeIgniter\Router\RouteCollection->match([...], 'operateur/types/baremes/add', 'Operateur\\TypesOperation::addBareme')
 3 SYSTEMPATH/Router/RouteCollection.php(339): require('/home/itu/Bureau/ETU004176/S4/Systeme_info/Projet final S4/app/Config/Routes.php')
 4 SYSTEMPATH/CLI/Console.php(41): CodeIgniter\Router\RouteCollection->loadRoutes()
 5 SYSTEMPATH/Boot.php(442): CodeIgniter\CLI\Console->run()
 6 SYSTEMPATH/Boot.php(166): CodeIgniter\Boot::runCommand(Object(CodeIgniter\CLI\Console))
 7 ROOTPATH/spark(87): CodeIgniter\Boot::bootSpark(Object(Config\Paths))
WARNING - 2026-07-20 06:59:44 --> [DEPRECATED] Passing lowercase HTTP method "get" is deprecated. Use uppercase HTTP method like "GET". in SYSTEMPATH/Router/RouteCollection.php on line 1026.
 1 SYSTEMPATH/Router/RouteCollection.php(1026): trigger_error('Passing lowercase HTTP method "get" is deprecated. Use uppercase HTTP method like "GET".', 16384)
 2 APPPATH/Config/Routes.php(18): CodeIgniter\Router\RouteCollection->match([...], 'operateur/types/baremes/edit/(:num)', 'Operateur\\TypesOperation::editBareme/$1')
 3 SYSTEMPATH/Router/RouteCollection.php(339): require('/home/itu/Bureau/ETU004176/S4/Systeme_info/Projet final S4/app/Config/Routes.php')
 4 SYSTEMPATH/CLI/Console.php(41): CodeIgniter\Router\RouteCollection->loadRoutes()
 5 SYSTEMPATH/Boot.php(442): CodeIgniter\CLI\Console->run()
 6 SYSTEMPATH/Boot.php(166): CodeIgniter\Boot::runCommand(Object(CodeIgniter\CLI\Console))
 7 ROOTPATH/spark(87): CodeIgniter\Boot::bootSpark(Object(Config\Paths))
WARNING - 2026-07-20 06:59:44 --> [DEPRECATED] Passing lowercase HTTP method "post" is deprecated. Use uppercase HTTP method like "POST". in SYSTEMPATH/Router/RouteCollection.php on line 1026.
 1 SYSTEMPATH/Router/RouteCollection.php(1026): trigger_error('Passing lowercase HTTP method "post" is deprecated. Use uppercase HTTP method like "POST".', 16384)
 2 APPPATH/Config/Routes.php(18): CodeIgniter\Router\RouteCollection->match([...], 'operateur/types/baremes/edit/(:num)', 'Operateur\\TypesOperation::editBareme/$1')
 3 SYSTEMPATH/Router/RouteCollection.php(339): require('/home/itu/Bureau/ETU004176/S4/Systeme_info/Projet final S4/app/Config/Routes.php')
 4 SYSTEMPATH/CLI/Console.php(41): CodeIgniter\Router\RouteCollection->loadRoutes()
 5 SYSTEMPATH/Boot.php(442): CodeIgniter\CLI\Console->run()
 6 SYSTEMPATH/Boot.php(166): CodeIgniter\Boot::runCommand(Object(CodeIgniter\CLI\Console))
 7 ROOTPATH/spark(87): CodeIgniter\Boot::bootSpark(Object(Config\Paths))
WARNING - 2026-07-20 06:59:44 --> [DEPRECATED] Passing lowercase HTTP method "get" is deprecated. Use uppercase HTTP method like "GET". in SYSTEMPATH/Router/RouteCollection.php on line 1026.
 1 SYSTEMPATH/Router/RouteCollection.php(1026): trigger_error('Passing lowercase HTTP method "get" is deprecated. Use uppercase HTTP method like "GET".', 16384)
 2 APPPATH/Config/Routes.php(23): CodeIgniter\Router\RouteCollection->match([...], 'client/login', 'Client\\Auth::login')
 3 SYSTEMPATH/Router/RouteCollection.php(339): require('/home/itu/Bureau/ETU004176/S4/Systeme_info/Projet final S4/app/Config/Routes.php')
 4 SYSTEMPATH/CLI/Console.php(41): CodeIgniter\Router\RouteCollection->loadRoutes()
 5 SYSTEMPATH/Boot.php(442): CodeIgniter\CLI\Console->run()
 6 SYSTEMPATH/Boot.php(166): CodeIgniter\Boot::runCommand(Object(CodeIgniter\CLI\Console))
 7 ROOTPATH/spark(87): CodeIgniter\Boot::bootSpark(Object(Config\Paths))
WARNING - 2026-07-20 06:59:44 --> [DEPRECATED] Passing lowercase HTTP method "post" is deprecated. Use uppercase HTTP method like "POST". in SYSTEMPATH/Router/RouteCollection.php on line 1026.
 1 SYSTEMPATH/Router/RouteCollection.php(1026): trigger_error('Passing lowercase HTTP method "post" is deprecated. Use uppercase HTTP method like "POST".', 16384)
 2 APPPATH/Config/Routes.php(23): CodeIgniter\Router\RouteCollection->match([...], 'client/login', 'Client\\Auth::login')
 3 SYSTEMPATH/Router/RouteCollection.php(339): require('/home/itu/Bureau/ETU004176/S4/Systeme_info/Projet final S4/app/Config/Routes.php')
 4 SYSTEMPATH/CLI/Console.php(41): CodeIgniter\Router\RouteCollection->loadRoutes()
 5 SYSTEMPATH/Boot.php(442): CodeIgniter\CLI\Console->run()
 6 SYSTEMPATH/Boot.php(166): CodeIgniter\Boot::runCommand(Object(CodeIgniter\CLI\Console))
 7 ROOTPATH/spark(87): CodeIgniter\Boot::bootSpark(Object(Config\Paths))
WARNING - 2026-07-20 06:59:44 --> [DEPRECATED] Passing lowercase HTTP method "get" is deprecated. Use uppercase HTTP method like "GET". in SYSTEMPATH/Router/RouteCollection.php on line 1026.
 1 SYSTEMPATH/Router/RouteCollection.php(1026): trigger_error('Passing lowercase HTTP method "get" is deprecated. Use uppercase HTTP method like "GET".', 16384)
 2 APPPATH/Config/Routes.php(26): CodeIgniter\Router\RouteCollection->match([...], 'client/depot', 'Client\\Compte::depot')
 3 SYSTEMPATH/Router/RouteCollection.php(339): require('/home/itu/Bureau/ETU004176/S4/Systeme_info/Projet final S4/app/Config/Routes.php')
 4 SYSTEMPATH/CLI/Console.php(41): CodeIgniter\Router\RouteCollection->loadRoutes()
 5 SYSTEMPATH/Boot.php(442): CodeIgniter\CLI\Console->run()
 6 SYSTEMPATH/Boot.php(166): CodeIgniter\Boot::runCommand(Object(CodeIgniter\CLI\Console))
 7 ROOTPATH/spark(87): CodeIgniter\Boot::bootSpark(Object(Config\Paths))
WARNING - 2026-07-20 06:59:44 --> [DEPRECATED] Passing lowercase HTTP method "post" is deprecated. Use uppercase HTTP method like "POST". in SYSTEMPATH/Router/RouteCollection.php on line 1026.
 1 SYSTEMPATH/Router/RouteCollection.php(1026): trigger_error('Passing lowercase HTTP method "post" is deprecated. Use uppercase HTTP method like "POST".', 16384)
 2 APPPATH/Config/Routes.php(26): CodeIgniter\Router\RouteCollection->match([...], 'client/depot', 'Client\\Compte::depot')
 3 SYSTEMPATH/Router/RouteCollection.php(339): require('/home/itu/Bureau/ETU004176/S4/Systeme_info/Projet final S4/app/Config/Routes.php')
 4 SYSTEMPATH/CLI/Console.php(41): CodeIgniter\Router\RouteCollection->loadRoutes()
 5 SYSTEMPATH/Boot.php(442): CodeIgniter\CLI\Console->run()
 6 SYSTEMPATH/Boot.php(166): CodeIgniter\Boot::runCommand(Object(CodeIgniter\CLI\Console))
 7 ROOTPATH/spark(87): CodeIgniter\Boot::bootSpark(Object(Config\Paths))
WARNING - 2026-07-20 06:59:44 --> [DEPRECATED] Passing lowercase HTTP method "get" is deprecated. Use uppercase HTTP method like "GET". in SYSTEMPATH/Router/RouteCollection.php on line 1026.
 1 SYSTEMPATH/Router/RouteCollection.php(1026): trigger_error('Passing lowercase HTTP method "get" is deprecated. Use uppercase HTTP method like "GET".', 16384)
 2 APPPATH/Config/Routes.php(27): CodeIgniter\Router\RouteCollection->match([...], 'client/retrait', 'Client\\Compte::retrait')
 3 SYSTEMPATH/Router/RouteCollection.php(339): require('/home/itu/Bureau/ETU004176/S4/Systeme_info/Projet final S4/app/Config/Routes.php')
 4 SYSTEMPATH/CLI/Console.php(41): CodeIgniter\Router\RouteCollection->loadRoutes()
 5 SYSTEMPATH/Boot.php(442): CodeIgniter\CLI\Console->run()
 6 SYSTEMPATH/Boot.php(166): CodeIgniter\Boot::runCommand(Object(CodeIgniter\CLI\Console))
 7 ROOTPATH/spark(87): CodeIgniter\Boot::bootSpark(Object(Config\Paths))
WARNING - 2026-07-20 06:59:44 --> [DEPRECATED] Passing lowercase HTTP method "post" is deprecated. Use uppercase HTTP method like "POST". in SYSTEMPATH/Router/RouteCollection.php on line 1026.
 1 SYSTEMPATH/Router/RouteCollection.php(1026): trigger_error('Passing lowercase HTTP method "post" is deprecated. Use uppercase HTTP method like "POST".', 16384)
 2 APPPATH/Config/Routes.php(27): CodeIgniter\Router\RouteCollection->match([...], 'client/retrait', 'Client\\Compte::retrait')
 3 SYSTEMPATH/Router/RouteCollection.php(339): require('/home/itu/Bureau/ETU004176/S4/Systeme_info/Projet final S4/app/Config/Routes.php')
 4 SYSTEMPATH/CLI/Console.php(41): CodeIgniter\Router\RouteCollection->loadRoutes()
 5 SYSTEMPATH/Boot.php(442): CodeIgniter\CLI\Console->run()
 6 SYSTEMPATH/Boot.php(166): CodeIgniter\Boot::runCommand(Object(CodeIgniter\CLI\Console))
 7 ROOTPATH/spark(87): CodeIgniter\Boot::bootSpark(Object(Config\Paths))
WARNING - 2026-07-20 06:59:44 --> [DEPRECATED] Passing lowercase HTTP method "get" is deprecated. Use uppercase HTTP method like "GET". in SYSTEMPATH/Router/RouteCollection.php on line 1026.
 1 SYSTEMPATH/Router/RouteCollection.php(1026): trigger_error('Passing lowercase HTTP method "get" is deprecated. Use uppercase HTTP method like "GET".', 16384)
 2 APPPATH/Config/Routes.php(28): CodeIgniter\Router\RouteCollection->match([...], 'client/transfert', 'Client\\Compte::transfert')
 3 SYSTEMPATH/Router/RouteCollection.php(339): require('/home/itu/Bureau/ETU004176/S4/Systeme_info/Projet final S4/app/Config/Routes.php')
 4 SYSTEMPATH/CLI/Console.php(41): CodeIgniter\Router\RouteCollection->loadRoutes()
 5 SYSTEMPATH/Boot.php(442): CodeIgniter\CLI\Console->run()
 6 SYSTEMPATH/Boot.php(166): CodeIgniter\Boot::runCommand(Object(CodeIgniter\CLI\Console))
 7 ROOTPATH/spark(87): CodeIgniter\Boot::bootSpark(Object(Config\Paths))
WARNING - 2026-07-20 06:59:44 --> [DEPRECATED] Passing lowercase HTTP method "post" is deprecated. Use uppercase HTTP method like "POST". in SYSTEMPATH/Router/RouteCollection.php on line 1026.
 1 SYSTEMPATH/Router/RouteCollection.php(1026): trigger_error('Passing lowercase HTTP method "post" is deprecated. Use uppercase HTTP method like "POST".', 16384)
 2 APPPATH/Config/Routes.php(28): CodeIgniter\Router\RouteCollection->match([...], 'client/transfert', 'Client\\Compte::transfert')
 3 SYSTEMPATH/Router/RouteCollection.php(339): require('/home/itu/Bureau/ETU004176/S4/Systeme_info/Projet final S4/app/Config/Routes.php')
 4 SYSTEMPATH/CLI/Console.php(41): CodeIgniter\Router\RouteCollection->loadRoutes()
 5 SYSTEMPATH/Boot.php(442): CodeIgniter\CLI\Console->run()
 6 SYSTEMPATH/Boot.php(166): CodeIgniter\Boot::runCommand(Object(CodeIgniter\CLI\Console))
 7 ROOTPATH/spark(87): CodeIgniter\Boot::bootSpark(Object(Config\Paths))
WARNING - 2026-07-20 07:04:08 --> [DEPRECATED] Passing lowercase HTTP method "get" is deprecated. Use uppercase HTTP method like "GET". in SYSTEMPATH/Router/RouteCollection.php on line 1026.
 1 SYSTEMPATH/Router/RouteCollection.php(1026): trigger_error('Passing lowercase HTTP method "get" is deprecated. Use uppercase HTTP method like "GET".', 16384)
 2 APPPATH/Config/Routes.php(11): CodeIgniter\Router\RouteCollection->match([...], 'operateur/prefixes/create', 'Operateur\\Prefixes::create')
 3 SYSTEMPATH/Router/RouteCollection.php(339): require('/home/itu/Bureau/ETU004176/S4/Systeme_info/Projet final S4/app/Config/Routes.php')
 4 SYSTEMPATH/CLI/Console.php(41): CodeIgniter\Router\RouteCollection->loadRoutes()
 5 SYSTEMPATH/Boot.php(442): CodeIgniter\CLI\Console->run()
 6 SYSTEMPATH/Boot.php(166): CodeIgniter\Boot::runCommand(Object(CodeIgniter\CLI\Console))
 7 ROOTPATH/spark(87): CodeIgniter\Boot::bootSpark(Object(Config\Paths))
WARNING - 2026-07-20 07:04:08 --> [DEPRECATED] Passing lowercase HTTP method "post" is deprecated. Use uppercase HTTP method like "POST". in SYSTEMPATH/Router/RouteCollection.php on line 1026.
 1 SYSTEMPATH/Router/RouteCollection.php(1026): trigger_error('Passing lowercase HTTP method "post" is deprecated. Use uppercase HTTP method like "POST".', 16384)
 2 APPPATH/Config/Routes.php(11): CodeIgniter\Router\RouteCollection->match([...], 'operateur/prefixes/create', 'Operateur\\Prefixes::create')
 3 SYSTEMPATH/Router/RouteCollection.php(339): require('/home/itu/Bureau/ETU004176/S4/Systeme_info/Projet final S4/app/Config/Routes.php')
 4 SYSTEMPATH/CLI/Console.php(41): CodeIgniter\Router\RouteCollection->loadRoutes()
 5 SYSTEMPATH/Boot.php(442): CodeIgniter\CLI\Console->run()
 6 SYSTEMPATH/Boot.php(166): CodeIgniter\Boot::runCommand(Object(CodeIgniter\CLI\Console))
 7 ROOTPATH/spark(87): CodeIgniter\Boot::bootSpark(Object(Config\Paths))
WARNING - 2026-07-20 07:04:08 --> [DEPRECATED] Passing lowercase HTTP method "get" is deprecated. Use uppercase HTTP method like "GET". in SYSTEMPATH/Router/RouteCollection.php on line 1026.
 1 SYSTEMPATH/Router/RouteCollection.php(1026): trigger_error('Passing lowercase HTTP method "get" is deprecated. Use uppercase HTTP method like "GET".', 16384)
 2 APPPATH/Config/Routes.php(12): CodeIgniter\Router\RouteCollection->match([...], 'operateur/prefixes/edit/(:num)', 'Operateur\\Prefixes::edit/$1')
 3 SYSTEMPATH/Router/RouteCollection.php(339): require('/home/itu/Bureau/ETU004176/S4/Systeme_info/Projet final S4/app/Config/Routes.php')
 4 SYSTEMPATH/CLI/Console.php(41): CodeIgniter\Router\RouteCollection->loadRoutes()
 5 SYSTEMPATH/Boot.php(442): CodeIgniter\CLI\Console->run()
 6 SYSTEMPATH/Boot.php(166): CodeIgniter\Boot::runCommand(Object(CodeIgniter\CLI\Console))
 7 ROOTPATH/spark(87): CodeIgniter\Boot::bootSpark(Object(Config\Paths))
WARNING - 2026-07-20 07:04:08 --> [DEPRECATED] Passing lowercase HTTP method "post" is deprecated. Use uppercase HTTP method like "POST". in SYSTEMPATH/Router/RouteCollection.php on line 1026.
 1 SYSTEMPATH/Router/RouteCollection.php(1026): trigger_error('Passing lowercase HTTP method "post" is deprecated. Use uppercase HTTP method like "POST".', 16384)
 2 APPPATH/Config/Routes.php(12): CodeIgniter\Router\RouteCollection->match([...], 'operateur/prefixes/edit/(:num)', 'Operateur\\Prefixes::edit/$1')
 3 SYSTEMPATH/Router/RouteCollection.php(339): require('/home/itu/Bureau/ETU004176/S4/Systeme_info/Projet final S4/app/Config/Routes.php')
 4 SYSTEMPATH/CLI/Console.php(41): CodeIgniter\Router\RouteCollection->loadRoutes()
 5 SYSTEMPATH/Boot.php(442): CodeIgniter\CLI\Console->run()
 6 SYSTEMPATH/Boot.php(166): CodeIgniter\Boot::runCommand(Object(CodeIgniter\CLI\Console))
 7 ROOTPATH/spark(87): CodeIgniter\Boot::bootSpark(Object(Config\Paths))
WARNING - 2026-07-20 07:04:08 --> [DEPRECATED] Passing lowercase HTTP method "get" is deprecated. Use uppercase HTTP method like "GET". in SYSTEMPATH/Router/RouteCollection.php on line 1026.
 1 SYSTEMPATH/Router/RouteCollection.php(1026): trigger_error('Passing lowercase HTTP method "get" is deprecated. Use uppercase HTTP method like "GET".', 16384)
 2 APPPATH/Config/Routes.php(17): CodeIgniter\Router\RouteCollection->match([...], 'operateur/types/baremes/add', 'Operateur\\TypesOperation::addBareme')
 3 SYSTEMPATH/Router/RouteCollection.php(339): require('/home/itu/Bureau/ETU004176/S4/Systeme_info/Projet final S4/app/Config/Routes.php')
 4 SYSTEMPATH/CLI/Console.php(41): CodeIgniter\Router\RouteCollection->loadRoutes()
 5 SYSTEMPATH/Boot.php(442): CodeIgniter\CLI\Console->run()
 6 SYSTEMPATH/Boot.php(166): CodeIgniter\Boot::runCommand(Object(CodeIgniter\CLI\Console))
 7 ROOTPATH/spark(87): CodeIgniter\Boot::bootSpark(Object(Config\Paths))
WARNING - 2026-07-20 07:04:08 --> [DEPRECATED] Passing lowercase HTTP method "post" is deprecated. Use uppercase HTTP method like "POST". in SYSTEMPATH/Router/RouteCollection.php on line 1026.
 1 SYSTEMPATH/Router/RouteCollection.php(1026): trigger_error('Passing lowercase HTTP method "post" is deprecated. Use uppercase HTTP method like "POST".', 16384)
 2 APPPATH/Config/Routes.php(17): CodeIgniter\Router\RouteCollection->match([...], 'operateur/types/baremes/add', 'Operateur\\TypesOperation::addBareme')
 3 SYSTEMPATH/Router/RouteCollection.php(339): require('/home/itu/Bureau/ETU004176/S4/Systeme_info/Projet final S4/app/Config/Routes.php')
 4 SYSTEMPATH/CLI/Console.php(41): CodeIgniter\Router\RouteCollection->loadRoutes()
 5 SYSTEMPATH/Boot.php(442): CodeIgniter\CLI\Console->run()
 6 SYSTEMPATH/Boot.php(166): CodeIgniter\Boot::runCommand(Object(CodeIgniter\CLI\Console))
 7 ROOTPATH/spark(87): CodeIgniter\Boot::bootSpark(Object(Config\Paths))
WARNING - 2026-07-20 07:04:08 --> [DEPRECATED] Passing lowercase HTTP method "get" is deprecated. Use uppercase HTTP method like "GET". in SYSTEMPATH/Router/RouteCollection.php on line 1026.
 1 SYSTEMPATH/Router/RouteCollection.php(1026): trigger_error('Passing lowercase HTTP method "get" is deprecated. Use uppercase HTTP method like "GET".', 16384)
 2 APPPATH/Config/Routes.php(18): CodeIgniter\Router\RouteCollection->match([...], 'operateur/types/baremes/edit/(:num)', 'Operateur\\TypesOperation::editBareme/$1')
 3 SYSTEMPATH/Router/RouteCollection.php(339): require('/home/itu/Bureau/ETU004176/S4/Systeme_info/Projet final S4/app/Config/Routes.php')
 4 SYSTEMPATH/CLI/Console.php(41): CodeIgniter\Router\RouteCollection->loadRoutes()
 5 SYSTEMPATH/Boot.php(442): CodeIgniter\CLI\Console->run()
 6 SYSTEMPATH/Boot.php(166): CodeIgniter\Boot::runCommand(Object(CodeIgniter\CLI\Console))
 7 ROOTPATH/spark(87): CodeIgniter\Boot::bootSpark(Object(Config\Paths))
WARNING - 2026-07-20 07:04:08 --> [DEPRECATED] Passing lowercase HTTP method "post" is deprecated. Use uppercase HTTP method like "POST". in SYSTEMPATH/Router/RouteCollection.php on line 1026.
 1 SYSTEMPATH/Router/RouteCollection.php(1026): trigger_error('Passing lowercase HTTP method "post" is deprecated. Use uppercase HTTP method like "POST".', 16384)
 2 APPPATH/Config/Routes.php(18): CodeIgniter\Router\RouteCollection->match([...], 'operateur/types/baremes/edit/(:num)', 'Operateur\\TypesOperation::editBareme/$1')
 3 SYSTEMPATH/Router/RouteCollection.php(339): require('/home/itu/Bureau/ETU004176/S4/Systeme_info/Projet final S4/app/Config/Routes.php')
 4 SYSTEMPATH/CLI/Console.php(41): CodeIgniter\Router\RouteCollection->loadRoutes()
 5 SYSTEMPATH/Boot.php(442): CodeIgniter\CLI\Console->run()
 6 SYSTEMPATH/Boot.php(166): CodeIgniter\Boot::runCommand(Object(CodeIgniter\CLI\Console))
 7 ROOTPATH/spark(87): CodeIgniter\Boot::bootSpark(Object(Config\Paths))
WARNING - 2026-07-20 07:04:08 --> [DEPRECATED] Passing lowercase HTTP method "get" is deprecated. Use uppercase HTTP method like "GET". in SYSTEMPATH/Router/RouteCollection.php on line 1026.
 1 SYSTEMPATH/Router/RouteCollection.php(1026): trigger_error('Passing lowercase HTTP method "get" is deprecated. Use uppercase HTTP method like "GET".', 16384)
 2 APPPATH/Config/Routes.php(23): CodeIgniter\Router\RouteCollection->match([...], 'client/login', 'Client\\Auth::login')
 3 SYSTEMPATH/Router/RouteCollection.php(339): require('/home/itu/Bureau/ETU004176/S4/Systeme_info/Projet final S4/app/Config/Routes.php')
 4 SYSTEMPATH/CLI/Console.php(41): CodeIgniter\Router\RouteCollection->loadRoutes()
 5 SYSTEMPATH/Boot.php(442): CodeIgniter\CLI\Console->run()
 6 SYSTEMPATH/Boot.php(166): CodeIgniter\Boot::runCommand(Object(CodeIgniter\CLI\Console))
 7 ROOTPATH/spark(87): CodeIgniter\Boot::bootSpark(Object(Config\Paths))
WARNING - 2026-07-20 07:04:08 --> [DEPRECATED] Passing lowercase HTTP method "post" is deprecated. Use uppercase HTTP method like "POST". in SYSTEMPATH/Router/RouteCollection.php on line 1026.
 1 SYSTEMPATH/Router/RouteCollection.php(1026): trigger_error('Passing lowercase HTTP method "post" is deprecated. Use uppercase HTTP method like "POST".', 16384)
 2 APPPATH/Config/Routes.php(23): CodeIgniter\Router\RouteCollection->match([...], 'client/login', 'Client\\Auth::login')
 3 SYSTEMPATH/Router/RouteCollection.php(339): require('/home/itu/Bureau/ETU004176/S4/Systeme_info/Projet final S4/app/Config/Routes.php')
 4 SYSTEMPATH/CLI/Console.php(41): CodeIgniter\Router\RouteCollection->loadRoutes()
 5 SYSTEMPATH/Boot.php(442): CodeIgniter\CLI\Console->run()
 6 SYSTEMPATH/Boot.php(166): CodeIgniter\Boot::runCommand(Object(CodeIgniter\CLI\Console))
 7 ROOTPATH/spark(87): CodeIgniter\Boot::bootSpark(Object(Config\Paths))
WARNING - 2026-07-20 07:04:08 --> [DEPRECATED] Passing lowercase HTTP method "get" is deprecated. Use uppercase HTTP method like "GET". in SYSTEMPATH/Router/RouteCollection.php on line 1026.
 1 SYSTEMPATH/Router/RouteCollection.php(1026): trigger_error('Passing lowercase HTTP method "get" is deprecated. Use uppercase HTTP method like "GET".', 16384)
 2 APPPATH/Config/Routes.php(26): CodeIgniter\Router\RouteCollection->match([...], 'client/depot', 'Client\\Compte::depot')
 3 SYSTEMPATH/Router/RouteCollection.php(339): require('/home/itu/Bureau/ETU004176/S4/Systeme_info/Projet final S4/app/Config/Routes.php')
 4 SYSTEMPATH/CLI/Console.php(41): CodeIgniter\Router\RouteCollection->loadRoutes()
 5 SYSTEMPATH/Boot.php(442): CodeIgniter\CLI\Console->run()
 6 SYSTEMPATH/Boot.php(166): CodeIgniter\Boot::runCommand(Object(CodeIgniter\CLI\Console))
 7 ROOTPATH/spark(87): CodeIgniter\Boot::bootSpark(Object(Config\Paths))
WARNING - 2026-07-20 07:04:08 --> [DEPRECATED] Passing lowercase HTTP method "post" is deprecated. Use uppercase HTTP method like "POST". in SYSTEMPATH/Router/RouteCollection.php on line 1026.
 1 SYSTEMPATH/Router/RouteCollection.php(1026): trigger_error('Passing lowercase HTTP method "post" is deprecated. Use uppercase HTTP method like "POST".', 16384)
 2 APPPATH/Config/Routes.php(26): CodeIgniter\Router\RouteCollection->match([...], 'client/depot', 'Client\\Compte::depot')
 3 SYSTEMPATH/Router/RouteCollection.php(339): require('/home/itu/Bureau/ETU004176/S4/Systeme_info/Projet final S4/app/Config/Routes.php')
 4 SYSTEMPATH/CLI/Console.php(41): CodeIgniter\Router\RouteCollection->loadRoutes()
 5 SYSTEMPATH/Boot.php(442): CodeIgniter\CLI\Console->run()
 6 SYSTEMPATH/Boot.php(166): CodeIgniter\Boot::runCommand(Object(CodeIgniter\CLI\Console))
 7 ROOTPATH/spark(87): CodeIgniter\Boot::bootSpark(Object(Config\Paths))
WARNING - 2026-07-20 07:04:08 --> [DEPRECATED] Passing lowercase HTTP method "get" is deprecated. Use uppercase HTTP method like "GET". in SYSTEMPATH/Router/RouteCollection.php on line 1026.
 1 SYSTEMPATH/Router/RouteCollection.php(1026): trigger_error('Passing lowercase HTTP method "get" is deprecated. Use uppercase HTTP method like "GET".', 16384)
 2 APPPATH/Config/Routes.php(27): CodeIgniter\Router\RouteCollection->match([...], 'client/retrait', 'Client\\Compte::retrait')
 3 SYSTEMPATH/Router/RouteCollection.php(339): require('/home/itu/Bureau/ETU004176/S4/Systeme_info/Projet final S4/app/Config/Routes.php')
 4 SYSTEMPATH/CLI/Console.php(41): CodeIgniter\Router\RouteCollection->loadRoutes()
 5 SYSTEMPATH/Boot.php(442): CodeIgniter\CLI\Console->run()
 6 SYSTEMPATH/Boot.php(166): CodeIgniter\Boot::runCommand(Object(CodeIgniter\CLI\Console))
 7 ROOTPATH/spark(87): CodeIgniter\Boot::bootSpark(Object(Config\Paths))
WARNING - 2026-07-20 07:04:08 --> [DEPRECATED] Passing lowercase HTTP method "post" is deprecated. Use uppercase HTTP method like "POST". in SYSTEMPATH/Router/RouteCollection.php on line 1026.
 1 SYSTEMPATH/Router/RouteCollection.php(1026): trigger_error('Passing lowercase HTTP method "post" is deprecated. Use uppercase HTTP method like "POST".', 16384)
 2 APPPATH/Config/Routes.php(27): CodeIgniter\Router\RouteCollection->match([...], 'client/retrait', 'Client\\Compte::retrait')
 3 SYSTEMPATH/Router/RouteCollection.php(339): require('/home/itu/Bureau/ETU004176/S4/Systeme_info/Projet final S4/app/Config/Routes.php')
 4 SYSTEMPATH/CLI/Console.php(41): CodeIgniter\Router\RouteCollection->loadRoutes()
 5 SYSTEMPATH/Boot.php(442): CodeIgniter\CLI\Console->run()
 6 SYSTEMPATH/Boot.php(166): CodeIgniter\Boot::runCommand(Object(CodeIgniter\CLI\Console))
 7 ROOTPATH/spark(87): CodeIgniter\Boot::bootSpark(Object(Config\Paths))
WARNING - 2026-07-20 07:04:08 --> [DEPRECATED] Passing lowercase HTTP method "get" is deprecated. Use uppercase HTTP method like "GET". in SYSTEMPATH/Router/RouteCollection.php on line 1026.
 1 SYSTEMPATH/Router/RouteCollection.php(1026): trigger_error('Passing lowercase HTTP method "get" is deprecated. Use uppercase HTTP method like "GET".', 16384)
 2 APPPATH/Config/Routes.php(28): CodeIgniter\Router\RouteCollection->match([...], 'client/transfert', 'Client\\Compte::transfert')
 3 SYSTEMPATH/Router/RouteCollection.php(339): require('/home/itu/Bureau/ETU004176/S4/Systeme_info/Projet final S4/app/Config/Routes.php')
 4 SYSTEMPATH/CLI/Console.php(41): CodeIgniter\Router\RouteCollection->loadRoutes()
 5 SYSTEMPATH/Boot.php(442): CodeIgniter\CLI\Console->run()
 6 SYSTEMPATH/Boot.php(166): CodeIgniter\Boot::runCommand(Object(CodeIgniter\CLI\Console))
 7 ROOTPATH/spark(87): CodeIgniter\Boot::bootSpark(Object(Config\Paths))
WARNING - 2026-07-20 07:04:08 --> [DEPRECATED] Passing lowercase HTTP method "post" is deprecated. Use uppercase HTTP method like "POST". in SYSTEMPATH/Router/RouteCollection.php on line 1026.
 1 SYSTEMPATH/Router/RouteCollection.php(1026): trigger_error('Passing lowercase HTTP method "post" is deprecated. Use uppercase HTTP method like "POST".', 16384)
 2 APPPATH/Config/Routes.php(28): CodeIgniter\Router\RouteCollection->match([...], 'client/transfert', 'Client\\Compte::transfert')
 3 SYSTEMPATH/Router/RouteCollection.php(339): require('/home/itu/Bureau/ETU004176/S4/Systeme_info/Projet final S4/app/Config/Routes.php')
 4 SYSTEMPATH/CLI/Console.php(41): CodeIgniter\Router\RouteCollection->loadRoutes()
 5 SYSTEMPATH/Boot.php(442): CodeIgniter\CLI\Console->run()
 6 SYSTEMPATH/Boot.php(166): CodeIgniter\Boot::runCommand(Object(CodeIgniter\CLI\Console))
 7 ROOTPATH/spark(87): CodeIgniter\Boot::bootSpark(Object(Config\Paths))
WARNING - 2026-07-20 07:04:16 --> [DEPRECATED] Passing lowercase HTTP method "get" is deprecated. Use uppercase HTTP method like "GET". in SYSTEMPATH/Router/RouteCollection.php on line 1026.
 1 SYSTEMPATH/Router/RouteCollection.php(1026): trigger_error('Passing lowercase HTTP method "get" is deprecated. Use uppercase HTTP method like "GET".', 16384)
 2 APPPATH/Config/Routes.php(11): CodeIgniter\Router\RouteCollection->match([...], 'operateur/prefixes/create', 'Operateur\\Prefixes::create')
 3 SYSTEMPATH/Router/RouteCollection.php(339): require('/home/itu/Bureau/ETU004176/S4/Systeme_info/Projet final S4/app/Config/Routes.php')
 4 SYSTEMPATH/CodeIgniter.php(818): CodeIgniter\Router\RouteCollection->loadRoutes()
 5 SYSTEMPATH/CodeIgniter.php(441): CodeIgniter\CodeIgniter->tryToRouteIt(null)
 6 SYSTEMPATH/CodeIgniter.php(340): CodeIgniter\CodeIgniter->handleRequest(null, Object(Config\Cache), false)
 7 SYSTEMPATH/Boot.php(417): CodeIgniter\CodeIgniter->run()
 8 SYSTEMPATH/Boot.php(68): CodeIgniter\Boot::runCodeIgniter(Object(CodeIgniter\CodeIgniter))
 9 FCPATH/index.php(59): CodeIgniter\Boot::bootWeb(Object(Config\Paths))
10 SYSTEMPATH/rewrite.php(44): require_once('/home/itu/Bureau/ETU004176/S4/Systeme_info/Projet final S4/public/index.php')
WARNING - 2026-07-20 07:04:16 --> [DEPRECATED] Passing lowercase HTTP method "post" is deprecated. Use uppercase HTTP method like "POST". in SYSTEMPATH/Router/RouteCollection.php on line 1026.
 1 SYSTEMPATH/Router/RouteCollection.php(1026): trigger_error('Passing lowercase HTTP method "post" is deprecated. Use uppercase HTTP method like "POST".', 16384)
 2 APPPATH/Config/Routes.php(11): CodeIgniter\Router\RouteCollection->match([...], 'operateur/prefixes/create', 'Operateur\\Prefixes::create')
 3 SYSTEMPATH/Router/RouteCollection.php(339): require('/home/itu/Bureau/ETU004176/S4/Systeme_info/Projet final S4/app/Config/Routes.php')
 4 SYSTEMPATH/CodeIgniter.php(818): CodeIgniter\Router\RouteCollection->loadRoutes()
 5 SYSTEMPATH/CodeIgniter.php(441): CodeIgniter\CodeIgniter->tryToRouteIt(null)
 6 SYSTEMPATH/CodeIgniter.php(340): CodeIgniter\CodeIgniter->handleRequest(null, Object(Config\Cache), false)
 7 SYSTEMPATH/Boot.php(417): CodeIgniter\CodeIgniter->run()
 8 SYSTEMPATH/Boot.php(68): CodeIgniter\Boot::runCodeIgniter(Object(CodeIgniter\CodeIgniter))
 9 FCPATH/index.php(59): CodeIgniter\Boot::bootWeb(Object(Config\Paths))
10 SYSTEMPATH/rewrite.php(44): require_once('/home/itu/Bureau/ETU004176/S4/Systeme_info/Projet final S4/public/index.php')
WARNING - 2026-07-20 07:04:16 --> [DEPRECATED] Passing lowercase HTTP method "get" is deprecated. Use uppercase HTTP method like "GET". in SYSTEMPATH/Router/RouteCollection.php on line 1026.
 1 SYSTEMPATH/Router/RouteCollection.php(1026): trigger_error('Passing lowercase HTTP method "get" is deprecated. Use uppercase HTTP method like "GET".', 16384)
 2 APPPATH/Config/Routes.php(12): CodeIgniter\Router\RouteCollection->match([...], 'operateur/prefixes/edit/(:num)', 'Operateur\\Prefixes::edit/$1')
 3 SYSTEMPATH/Router/RouteCollection.php(339): require('/home/itu/Bureau/ETU004176/S4/Systeme_info/Projet final S4/app/Config/Routes.php')
 4 SYSTEMPATH/CodeIgniter.php(818): CodeIgniter\Router\RouteCollection->loadRoutes()
 5 SYSTEMPATH/CodeIgniter.php(441): CodeIgniter\CodeIgniter->tryToRouteIt(null)
 6 SYSTEMPATH/CodeIgniter.php(340): CodeIgniter\CodeIgniter->handleRequest(null, Object(Config\Cache), false)
 7 SYSTEMPATH/Boot.php(417): CodeIgniter\CodeIgniter->run()
 8 SYSTEMPATH/Boot.php(68): CodeIgniter\Boot::runCodeIgniter(Object(CodeIgniter\CodeIgniter))
 9 FCPATH/index.php(59): CodeIgniter\Boot::bootWeb(Object(Config\Paths))
10 SYSTEMPATH/rewrite.php(44): require_once('/home/itu/Bureau/ETU004176/S4/Systeme_info/Projet final S4/public/index.php')
WARNING - 2026-07-20 07:04:16 --> [DEPRECATED] Passing lowercase HTTP method "post" is deprecated. Use uppercase HTTP method like "POST". in SYSTEMPATH/Router/RouteCollection.php on line 1026.
 1 SYSTEMPATH/Router/RouteCollection.php(1026): trigger_error('Passing lowercase HTTP method "post" is deprecated. Use uppercase HTTP method like "POST".', 16384)
 2 APPPATH/Config/Routes.php(12): CodeIgniter\Router\RouteCollection->match([...], 'operateur/prefixes/edit/(:num)', 'Operateur\\Prefixes::edit/$1')
 3 SYSTEMPATH/Router/RouteCollection.php(339): require('/home/itu/Bureau/ETU004176/S4/Systeme_info/Projet final S4/app/Config/Routes.php')
 4 SYSTEMPATH/CodeIgniter.php(818): CodeIgniter\Router\RouteCollection->loadRoutes()
 5 SYSTEMPATH/CodeIgniter.php(441): CodeIgniter\CodeIgniter->tryToRouteIt(null)
 6 SYSTEMPATH/CodeIgniter.php(340): CodeIgniter\CodeIgniter->handleRequest(null, Object(Config\Cache), false)
 7 SYSTEMPATH/Boot.php(417): CodeIgniter\CodeIgniter->run()
 8 SYSTEMPATH/Boot.php(68): CodeIgniter\Boot::runCodeIgniter(Object(CodeIgniter\CodeIgniter))
 9 FCPATH/index.php(59): CodeIgniter\Boot::bootWeb(Object(Config\Paths))
10 SYSTEMPATH/rewrite.php(44): require_once('/home/itu/Bureau/ETU004176/S4/Systeme_info/Projet final S4/public/index.php')
WARNING - 2026-07-20 07:04:16 --> [DEPRECATED] Passing lowercase HTTP method "get" is deprecated. Use uppercase HTTP method like "GET". in SYSTEMPATH/Router/RouteCollection.php on line 1026.
 1 SYSTEMPATH/Router/RouteCollection.php(1026): trigger_error('Passing lowercase HTTP method "get" is deprecated. Use uppercase HTTP method like "GET".', 16384)
 2 APPPATH/Config/Routes.php(17): CodeIgniter\Router\RouteCollection->match([...], 'operateur/types/baremes/add', 'Operateur\\TypesOperation::addBareme')
 3 SYSTEMPATH/Router/RouteCollection.php(339): require('/home/itu/Bureau/ETU004176/S4/Systeme_info/Projet final S4/app/Config/Routes.php')
 4 SYSTEMPATH/CodeIgniter.php(818): CodeIgniter\Router\RouteCollection->loadRoutes()
 5 SYSTEMPATH/CodeIgniter.php(441): CodeIgniter\CodeIgniter->tryToRouteIt(null)
 6 SYSTEMPATH/CodeIgniter.php(340): CodeIgniter\CodeIgniter->handleRequest(null, Object(Config\Cache), false)
 7 SYSTEMPATH/Boot.php(417): CodeIgniter\CodeIgniter->run()
 8 SYSTEMPATH/Boot.php(68): CodeIgniter\Boot::runCodeIgniter(Object(CodeIgniter\CodeIgniter))
 9 FCPATH/index.php(59): CodeIgniter\Boot::bootWeb(Object(Config\Paths))
10 SYSTEMPATH/rewrite.php(44): require_once('/home/itu/Bureau/ETU004176/S4/Systeme_info/Projet final S4/public/index.php')
WARNING - 2026-07-20 07:04:16 --> [DEPRECATED] Passing lowercase HTTP method "post" is deprecated. Use uppercase HTTP method like "POST". in SYSTEMPATH/Router/RouteCollection.php on line 1026.
 1 SYSTEMPATH/Router/RouteCollection.php(1026): trigger_error('Passing lowercase HTTP method "post" is deprecated. Use uppercase HTTP method like "POST".', 16384)
 2 APPPATH/Config/Routes.php(17): CodeIgniter\Router\RouteCollection->match([...], 'operateur/types/baremes/add', 'Operateur\\TypesOperation::addBareme')
 3 SYSTEMPATH/Router/RouteCollection.php(339): require('/home/itu/Bureau/ETU004176/S4/Systeme_info/Projet final S4/app/Config/Routes.php')
 4 SYSTEMPATH/CodeIgniter.php(818): CodeIgniter\Router\RouteCollection->loadRoutes()
 5 SYSTEMPATH/CodeIgniter.php(441): CodeIgniter\CodeIgniter->tryToRouteIt(null)
 6 SYSTEMPATH/CodeIgniter.php(340): CodeIgniter\CodeIgniter->handleRequest(null, Object(Config\Cache), false)
 7 SYSTEMPATH/Boot.php(417): CodeIgniter\CodeIgniter->run()
 8 SYSTEMPATH/Boot.php(68): CodeIgniter\Boot::runCodeIgniter(Object(CodeIgniter\CodeIgniter))
 9 FCPATH/index.php(59): CodeIgniter\Boot::bootWeb(Object(Config\Paths))
10 SYSTEMPATH/rewrite.php(44): require_once('/home/itu/Bureau/ETU004176/S4/Systeme_info/Projet final S4/public/index.php')
WARNING - 2026-07-20 07:04:16 --> [DEPRECATED] Passing lowercase HTTP method "get" is deprecated. Use uppercase HTTP method like "GET". in SYSTEMPATH/Router/RouteCollection.php on line 1026.
 1 SYSTEMPATH/Router/RouteCollection.php(1026): trigger_error('Passing lowercase HTTP method "get" is deprecated. Use uppercase HTTP method like "GET".', 16384)
 2 APPPATH/Config/Routes.php(18): CodeIgniter\Router\RouteCollection->match([...], 'operateur/types/baremes/edit/(:num)', 'Operateur\\TypesOperation::editBareme/$1')
 3 SYSTEMPATH/Router/RouteCollection.php(339): require('/home/itu/Bureau/ETU004176/S4/Systeme_info/Projet final S4/app/Config/Routes.php')
 4 SYSTEMPATH/CodeIgniter.php(818): CodeIgniter\Router\RouteCollection->loadRoutes()
 5 SYSTEMPATH/CodeIgniter.php(441): CodeIgniter\CodeIgniter->tryToRouteIt(null)
 6 SYSTEMPATH/CodeIgniter.php(340): CodeIgniter\CodeIgniter->handleRequest(null, Object(Config\Cache), false)
 7 SYSTEMPATH/Boot.php(417): CodeIgniter\CodeIgniter->run()
 8 SYSTEMPATH/Boot.php(68): CodeIgniter\Boot::runCodeIgniter(Object(CodeIgniter\CodeIgniter))
 9 FCPATH/index.php(59): CodeIgniter\Boot::bootWeb(Object(Config\Paths))
10 SYSTEMPATH/rewrite.php(44): require_once('/home/itu/Bureau/ETU004176/S4/Systeme_info/Projet final S4/public/index.php')
WARNING - 2026-07-20 07:04:16 --> [DEPRECATED] Passing lowercase HTTP method "post" is deprecated. Use uppercase HTTP method like "POST". in SYSTEMPATH/Router/RouteCollection.php on line 1026.
 1 SYSTEMPATH/Router/RouteCollection.php(1026): trigger_error('Passing lowercase HTTP method "post" is deprecated. Use uppercase HTTP method like "POST".', 16384)
 2 APPPATH/Config/Routes.php(18): CodeIgniter\Router\RouteCollection->match([...], 'operateur/types/baremes/edit/(:num)', 'Operateur\\TypesOperation::editBareme/$1')
 3 SYSTEMPATH/Router/RouteCollection.php(339): require('/home/itu/Bureau/ETU004176/S4/Systeme_info/Projet final S4/app/Config/Routes.php')
 4 SYSTEMPATH/CodeIgniter.php(818): CodeIgniter\Router\RouteCollection->loadRoutes()
 5 SYSTEMPATH/CodeIgniter.php(441): CodeIgniter\CodeIgniter->tryToRouteIt(null)
 6 SYSTEMPATH/CodeIgniter.php(340): CodeIgniter\CodeIgniter->handleRequest(null, Object(Config\Cache), false)
 7 SYSTEMPATH/Boot.php(417): CodeIgniter\CodeIgniter->run()
 8 SYSTEMPATH/Boot.php(68): CodeIgniter\Boot::runCodeIgniter(Object(CodeIgniter\CodeIgniter))
 9 FCPATH/index.php(59): CodeIgniter\Boot::bootWeb(Object(Config\Paths))
10 SYSTEMPATH/rewrite.php(44): require_once('/home/itu/Bureau/ETU004176/S4/Systeme_info/Projet final S4/public/index.php')
WARNING - 2026-07-20 07:04:16 --> [DEPRECATED] Passing lowercase HTTP method "get" is deprecated. Use uppercase HTTP method like "GET". in SYSTEMPATH/Router/RouteCollection.php on line 1026.
 1 SYSTEMPATH/Router/RouteCollection.php(1026): trigger_error('Passing lowercase HTTP method "get" is deprecated. Use uppercase HTTP method like "GET".', 16384)
 2 APPPATH/Config/Routes.php(23): CodeIgniter\Router\RouteCollection->match([...], 'client/login', 'Client\\Auth::login')
 3 SYSTEMPATH/Router/RouteCollection.php(339): require('/home/itu/Bureau/ETU004176/S4/Systeme_info/Projet final S4/app/Config/Routes.php')
 4 SYSTEMPATH/CodeIgniter.php(818): CodeIgniter\Router\RouteCollection->loadRoutes()
 5 SYSTEMPATH/CodeIgniter.php(441): CodeIgniter\CodeIgniter->tryToRouteIt(null)
 6 SYSTEMPATH/CodeIgniter.php(340): CodeIgniter\CodeIgniter->handleRequest(null, Object(Config\Cache), false)
 7 SYSTEMPATH/Boot.php(417): CodeIgniter\CodeIgniter->run()
 8 SYSTEMPATH/Boot.php(68): CodeIgniter\Boot::runCodeIgniter(Object(CodeIgniter\CodeIgniter))
 9 FCPATH/index.php(59): CodeIgniter\Boot::bootWeb(Object(Config\Paths))
10 SYSTEMPATH/rewrite.php(44): require_once('/home/itu/Bureau/ETU004176/S4/Systeme_info/Projet final S4/public/index.php')
WARNING - 2026-07-20 07:04:16 --> [DEPRECATED] Passing lowercase HTTP method "post" is deprecated. Use uppercase HTTP method like "POST". in SYSTEMPATH/Router/RouteCollection.php on line 1026.
 1 SYSTEMPATH/Router/RouteCollection.php(1026): trigger_error('Passing lowercase HTTP method "post" is deprecated. Use uppercase HTTP method like "POST".', 16384)
 2 APPPATH/Config/Routes.php(23): CodeIgniter\Router\RouteCollection->match([...], 'client/login', 'Client\\Auth::login')
 3 SYSTEMPATH/Router/RouteCollection.php(339): require('/home/itu/Bureau/ETU004176/S4/Systeme_info/Projet final S4/app/Config/Routes.php')
 4 SYSTEMPATH/CodeIgniter.php(818): CodeIgniter\Router\RouteCollection->loadRoutes()
 5 SYSTEMPATH/CodeIgniter.php(441): CodeIgniter\CodeIgniter->tryToRouteIt(null)
 6 SYSTEMPATH/CodeIgniter.php(340): CodeIgniter\CodeIgniter->handleRequest(null, Object(Config\Cache), false)
 7 SYSTEMPATH/Boot.php(417): CodeIgniter\CodeIgniter->run()
 8 SYSTEMPATH/Boot.php(68): CodeIgniter\Boot::runCodeIgniter(Object(CodeIgniter\CodeIgniter))
 9 FCPATH/index.php(59): CodeIgniter\Boot::bootWeb(Object(Config\Paths))
10 SYSTEMPATH/rewrite.php(44): require_once('/home/itu/Bureau/ETU004176/S4/Systeme_info/Projet final S4/public/index.php')
WARNING - 2026-07-20 07:04:16 --> [DEPRECATED] Passing lowercase HTTP method "get" is deprecated. Use uppercase HTTP method like "GET". in SYSTEMPATH/Router/RouteCollection.php on line 1026.
 1 SYSTEMPATH/Router/RouteCollection.php(1026): trigger_error('Passing lowercase HTTP method "get" is deprecated. Use uppercase HTTP method like "GET".', 16384)
 2 APPPATH/Config/Routes.php(26): CodeIgniter\Router\RouteCollection->match([...], 'client/depot', 'Client\\Compte::depot')
 3 SYSTEMPATH/Router/RouteCollection.php(339): require('/home/itu/Bureau/ETU004176/S4/Systeme_info/Projet final S4/app/Config/Routes.php')
 4 SYSTEMPATH/CodeIgniter.php(818): CodeIgniter\Router\RouteCollection->loadRoutes()
 5 SYSTEMPATH/CodeIgniter.php(441): CodeIgniter\CodeIgniter->tryToRouteIt(null)
 6 SYSTEMPATH/CodeIgniter.php(340): CodeIgniter\CodeIgniter->handleRequest(null, Object(Config\Cache), false)
 7 SYSTEMPATH/Boot.php(417): CodeIgniter\CodeIgniter->run()
 8 SYSTEMPATH/Boot.php(68): CodeIgniter\Boot::runCodeIgniter(Object(CodeIgniter\CodeIgniter))
 9 FCPATH/index.php(59): CodeIgniter\Boot::bootWeb(Object(Config\Paths))
10 SYSTEMPATH/rewrite.php(44): require_once('/home/itu/Bureau/ETU004176/S4/Systeme_info/Projet final S4/public/index.php')
WARNING - 2026-07-20 07:04:16 --> [DEPRECATED] Passing lowercase HTTP method "post" is deprecated. Use uppercase HTTP method like "POST". in SYSTEMPATH/Router/RouteCollection.php on line 1026.
 1 SYSTEMPATH/Router/RouteCollection.php(1026): trigger_error('Passing lowercase HTTP method "post" is deprecated. Use uppercase HTTP method like "POST".', 16384)
 2 APPPATH/Config/Routes.php(26): CodeIgniter\Router\RouteCollection->match([...], 'client/depot', 'Client\\Compte::depot')
 3 SYSTEMPATH/Router/RouteCollection.php(339): require('/home/itu/Bureau/ETU004176/S4/Systeme_info/Projet final S4/app/Config/Routes.php')
 4 SYSTEMPATH/CodeIgniter.php(818): CodeIgniter\Router\RouteCollection->loadRoutes()
 5 SYSTEMPATH/CodeIgniter.php(441): CodeIgniter\CodeIgniter->tryToRouteIt(null)
 6 SYSTEMPATH/CodeIgniter.php(340): CodeIgniter\CodeIgniter->handleRequest(null, Object(Config\Cache), false)
 7 SYSTEMPATH/Boot.php(417): CodeIgniter\CodeIgniter->run()
 8 SYSTEMPATH/Boot.php(68): CodeIgniter\Boot::runCodeIgniter(Object(CodeIgniter\CodeIgniter))
 9 FCPATH/index.php(59): CodeIgniter\Boot::bootWeb(Object(Config\Paths))
10 SYSTEMPATH/rewrite.php(44): require_once('/home/itu/Bureau/ETU004176/S4/Systeme_info/Projet final S4/public/index.php')
WARNING - 2026-07-20 07:04:16 --> [DEPRECATED] Passing lowercase HTTP method "get" is deprecated. Use uppercase HTTP method like "GET". in SYSTEMPATH/Router/RouteCollection.php on line 1026.
 1 SYSTEMPATH/Router/RouteCollection.php(1026): trigger_error('Passing lowercase HTTP method "get" is deprecated. Use uppercase HTTP method like "GET".', 16384)
 2 APPPATH/Config/Routes.php(27): CodeIgniter\Router\RouteCollection->match([...], 'client/retrait', 'Client\\Compte::retrait')
 3 SYSTEMPATH/Router/RouteCollection.php(339): require('/home/itu/Bureau/ETU004176/S4/Systeme_info/Projet final S4/app/Config/Routes.php')
 4 SYSTEMPATH/CodeIgniter.php(818): CodeIgniter\Router\RouteCollection->loadRoutes()
 5 SYSTEMPATH/CodeIgniter.php(441): CodeIgniter\CodeIgniter->tryToRouteIt(null)
 6 SYSTEMPATH/CodeIgniter.php(340): CodeIgniter\CodeIgniter->handleRequest(null, Object(Config\Cache), false)
 7 SYSTEMPATH/Boot.php(417): CodeIgniter\CodeIgniter->run()
 8 SYSTEMPATH/Boot.php(68): CodeIgniter\Boot::runCodeIgniter(Object(CodeIgniter\CodeIgniter))
 9 FCPATH/index.php(59): CodeIgniter\Boot::bootWeb(Object(Config\Paths))
10 SYSTEMPATH/rewrite.php(44): require_once('/home/itu/Bureau/ETU004176/S4/Systeme_info/Projet final S4/public/index.php')
WARNING - 2026-07-20 07:04:16 --> [DEPRECATED] Passing lowercase HTTP method "post" is deprecated. Use uppercase HTTP method like "POST". in SYSTEMPATH/Router/RouteCollection.php on line 1026.
 1 SYSTEMPATH/Router/RouteCollection.php(1026): trigger_error('Passing lowercase HTTP method "post" is deprecated. Use uppercase HTTP method like "POST".', 16384)
 2 APPPATH/Config/Routes.php(27): CodeIgniter\Router\RouteCollection->match([...], 'client/retrait', 'Client\\Compte::retrait')
 3 SYSTEMPATH/Router/RouteCollection.php(339): require('/home/itu/Bureau/ETU004176/S4/Systeme_info/Projet final S4/app/Config/Routes.php')
 4 SYSTEMPATH/CodeIgniter.php(818): CodeIgniter\Router\RouteCollection->loadRoutes()
 5 SYSTEMPATH/CodeIgniter.php(441): CodeIgniter\CodeIgniter->tryToRouteIt(null)
 6 SYSTEMPATH/CodeIgniter.php(340): CodeIgniter\CodeIgniter->handleRequest(null, Object(Config\Cache), false)
 7 SYSTEMPATH/Boot.php(417): CodeIgniter\CodeIgniter->run()
 8 SYSTEMPATH/Boot.php(68): CodeIgniter\Boot::runCodeIgniter(Object(CodeIgniter\CodeIgniter))
 9 FCPATH/index.php(59): CodeIgniter\Boot::bootWeb(Object(Config\Paths))
10 SYSTEMPATH/rewrite.php(44): require_once('/home/itu/Bureau/ETU004176/S4/Systeme_info/Projet final S4/public/index.php')
WARNING - 2026-07-20 07:04:16 --> [DEPRECATED] Passing lowercase HTTP method "get" is deprecated. Use uppercase HTTP method like "GET". in SYSTEMPATH/Router/RouteCollection.php on line 1026.
 1 SYSTEMPATH/Router/RouteCollection.php(1026): trigger_error('Passing lowercase HTTP method "get" is deprecated. Use uppercase HTTP method like "GET".', 16384)
 2 APPPATH/Config/Routes.php(28): CodeIgniter\Router\RouteCollection->match([...], 'client/transfert', 'Client\\Compte::transfert')
 3 SYSTEMPATH/Router/RouteCollection.php(339): require('/home/itu/Bureau/ETU004176/S4/Systeme_info/Projet final S4/app/Config/Routes.php')
 4 SYSTEMPATH/CodeIgniter.php(818): CodeIgniter\Router\RouteCollection->loadRoutes()
 5 SYSTEMPATH/CodeIgniter.php(441): CodeIgniter\CodeIgniter->tryToRouteIt(null)
 6 SYSTEMPATH/CodeIgniter.php(340): CodeIgniter\CodeIgniter->handleRequest(null, Object(Config\Cache), false)
 7 SYSTEMPATH/Boot.php(417): CodeIgniter\CodeIgniter->run()
 8 SYSTEMPATH/Boot.php(68): CodeIgniter\Boot::runCodeIgniter(Object(CodeIgniter\CodeIgniter))
 9 FCPATH/index.php(59): CodeIgniter\Boot::bootWeb(Object(Config\Paths))
10 SYSTEMPATH/rewrite.php(44): require_once('/home/itu/Bureau/ETU004176/S4/Systeme_info/Projet final S4/public/index.php')
WARNING - 2026-07-20 07:04:16 --> [DEPRECATED] Passing lowercase HTTP method "post" is deprecated. Use uppercase HTTP method like "POST". in SYSTEMPATH/Router/RouteCollection.php on line 1026.
 1 SYSTEMPATH/Router/RouteCollection.php(1026): trigger_error('Passing lowercase HTTP method "post" is deprecated. Use uppercase HTTP method like "POST".', 16384)
 2 APPPATH/Config/Routes.php(28): CodeIgniter\Router\RouteCollection->match([...], 'client/transfert', 'Client\\Compte::transfert')
 3 SYSTEMPATH/Router/RouteCollection.php(339): require('/home/itu/Bureau/ETU004176/S4/Systeme_info/Projet final S4/app/Config/Routes.php')
 4 SYSTEMPATH/CodeIgniter.php(818): CodeIgniter\Router\RouteCollection->loadRoutes()
 5 SYSTEMPATH/CodeIgniter.php(441): CodeIgniter\CodeIgniter->tryToRouteIt(null)
 6 SYSTEMPATH/CodeIgniter.php(340): CodeIgniter\CodeIgniter->handleRequest(null, Object(Config\Cache), false)
 7 SYSTEMPATH/Boot.php(417): CodeIgniter\CodeIgniter->run()
 8 SYSTEMPATH/Boot.php(68): CodeIgniter\Boot::runCodeIgniter(Object(CodeIgniter\CodeIgniter))
 9 FCPATH/index.php(59): CodeIgniter\Boot::bootWeb(Object(Config\Paths))
10 SYSTEMPATH/rewrite.php(44): require_once('/home/itu/Bureau/ETU004176/S4/Systeme_info/Projet final S4/public/index.php')
WARNING - 2026-07-20 07:04:26 --> [DEPRECATED] Passing lowercase HTTP method "get" is deprecated. Use uppercase HTTP method like "GET". in SYSTEMPATH/Router/RouteCollection.php on line 1026.
 1 SYSTEMPATH/Router/RouteCollection.php(1026): trigger_error('Passing lowercase HTTP method "get" is deprecated. Use uppercase HTTP method like "GET".', 16384)
 2 APPPATH/Config/Routes.php(11): CodeIgniter\Router\RouteCollection->match([...], 'operateur/prefixes/create', 'Operateur\\Prefixes::create')
 3 SYSTEMPATH/Router/RouteCollection.php(339): require('/home/itu/Bureau/ETU004176/S4/Systeme_info/Projet final S4/app/Config/Routes.php')
 4 SYSTEMPATH/CodeIgniter.php(818): CodeIgniter\Router\RouteCollection->loadRoutes()
 5 SYSTEMPATH/CodeIgniter.php(441): CodeIgniter\CodeIgniter->tryToRouteIt(null)
 6 SYSTEMPATH/CodeIgniter.php(340): CodeIgniter\CodeIgniter->handleRequest(null, Object(Config\Cache), false)
 7 SYSTEMPATH/Boot.php(417): CodeIgniter\CodeIgniter->run()
 8 SYSTEMPATH/Boot.php(68): CodeIgniter\Boot::runCodeIgniter(Object(CodeIgniter\CodeIgniter))
 9 FCPATH/index.php(59): CodeIgniter\Boot::bootWeb(Object(Config\Paths))
10 SYSTEMPATH/rewrite.php(44): require_once('/home/itu/Bureau/ETU004176/S4/Systeme_info/Projet final S4/public/index.php')
WARNING - 2026-07-20 07:04:26 --> [DEPRECATED] Passing lowercase HTTP method "post" is deprecated. Use uppercase HTTP method like "POST". in SYSTEMPATH/Router/RouteCollection.php on line 1026.
 1 SYSTEMPATH/Router/RouteCollection.php(1026): trigger_error('Passing lowercase HTTP method "post" is deprecated. Use uppercase HTTP method like "POST".', 16384)
 2 APPPATH/Config/Routes.php(11): CodeIgniter\Router\RouteCollection->match([...], 'operateur/prefixes/create', 'Operateur\\Prefixes::create')
 3 SYSTEMPATH/Router/RouteCollection.php(339): require('/home/itu/Bureau/ETU004176/S4/Systeme_info/Projet final S4/app/Config/Routes.php')
 4 SYSTEMPATH/CodeIgniter.php(818): CodeIgniter\Router\RouteCollection->loadRoutes()
 5 SYSTEMPATH/CodeIgniter.php(441): CodeIgniter\CodeIgniter->tryToRouteIt(null)
 6 SYSTEMPATH/CodeIgniter.php(340): CodeIgniter\CodeIgniter->handleRequest(null, Object(Config\Cache), false)
 7 SYSTEMPATH/Boot.php(417): CodeIgniter\CodeIgniter->run()
 8 SYSTEMPATH/Boot.php(68): CodeIgniter\Boot::runCodeIgniter(Object(CodeIgniter\CodeIgniter))
 9 FCPATH/index.php(59): CodeIgniter\Boot::bootWeb(Object(Config\Paths))
10 SYSTEMPATH/rewrite.php(44): require_once('/home/itu/Bureau/ETU004176/S4/Systeme_info/Projet final S4/public/index.php')
WARNING - 2026-07-20 07:04:26 --> [DEPRECATED] Passing lowercase HTTP method "get" is deprecated. Use uppercase HTTP method like "GET". in SYSTEMPATH/Router/RouteCollection.php on line 1026.
 1 SYSTEMPATH/Router/RouteCollection.php(1026): trigger_error('Passing lowercase HTTP method "get" is deprecated. Use uppercase HTTP method like "GET".', 16384)
 2 APPPATH/Config/Routes.php(12): CodeIgniter\Router\RouteCollection->match([...], 'operateur/prefixes/edit/(:num)', 'Operateur\\Prefixes::edit/$1')
 3 SYSTEMPATH/Router/RouteCollection.php(339): require('/home/itu/Bureau/ETU004176/S4/Systeme_info/Projet final S4/app/Config/Routes.php')
 4 SYSTEMPATH/CodeIgniter.php(818): CodeIgniter\Router\RouteCollection->loadRoutes()
 5 SYSTEMPATH/CodeIgniter.php(441): CodeIgniter\CodeIgniter->tryToRouteIt(null)
 6 SYSTEMPATH/CodeIgniter.php(340): CodeIgniter\CodeIgniter->handleRequest(null, Object(Config\Cache), false)
 7 SYSTEMPATH/Boot.php(417): CodeIgniter\CodeIgniter->run()
 8 SYSTEMPATH/Boot.php(68): CodeIgniter\Boot::runCodeIgniter(Object(CodeIgniter\CodeIgniter))
 9 FCPATH/index.php(59): CodeIgniter\Boot::bootWeb(Object(Config\Paths))
10 SYSTEMPATH/rewrite.php(44): require_once('/home/itu/Bureau/ETU004176/S4/Systeme_info/Projet final S4/public/index.php')
WARNING - 2026-07-20 07:04:26 --> [DEPRECATED] Passing lowercase HTTP method "post" is deprecated. Use uppercase HTTP method like "POST". in SYSTEMPATH/Router/RouteCollection.php on line 1026.
 1 SYSTEMPATH/Router/RouteCollection.php(1026): trigger_error('Passing lowercase HTTP method "post" is deprecated. Use uppercase HTTP method like "POST".', 16384)
 2 APPPATH/Config/Routes.php(12): CodeIgniter\Router\RouteCollection->match([...], 'operateur/prefixes/edit/(:num)', 'Operateur\\Prefixes::edit/$1')
 3 SYSTEMPATH/Router/RouteCollection.php(339): require('/home/itu/Bureau/ETU004176/S4/Systeme_info/Projet final S4/app/Config/Routes.php')
 4 SYSTEMPATH/CodeIgniter.php(818): CodeIgniter\Router\RouteCollection->loadRoutes()
 5 SYSTEMPATH/CodeIgniter.php(441): CodeIgniter\CodeIgniter->tryToRouteIt(null)
 6 SYSTEMPATH/CodeIgniter.php(340): CodeIgniter\CodeIgniter->handleRequest(null, Object(Config\Cache), false)
 7 SYSTEMPATH/Boot.php(417): CodeIgniter\CodeIgniter->run()
 8 SYSTEMPATH/Boot.php(68): CodeIgniter\Boot::runCodeIgniter(Object(CodeIgniter\CodeIgniter))
 9 FCPATH/index.php(59): CodeIgniter\Boot::bootWeb(Object(Config\Paths))
10 SYSTEMPATH/rewrite.php(44): require_once('/home/itu/Bureau/ETU004176/S4/Systeme_info/Projet final S4/public/index.php')
WARNING - 2026-07-20 07:04:26 --> [DEPRECATED] Passing lowercase HTTP method "get" is deprecated. Use uppercase HTTP method like "GET". in SYSTEMPATH/Router/RouteCollection.php on line 1026.
 1 SYSTEMPATH/Router/RouteCollection.php(1026): trigger_error('Passing lowercase HTTP method "get" is deprecated. Use uppercase HTTP method like "GET".', 16384)
 2 APPPATH/Config/Routes.php(17): CodeIgniter\Router\RouteCollection->match([...], 'operateur/types/baremes/add', 'Operateur\\TypesOperation::addBareme')
 3 SYSTEMPATH/Router/RouteCollection.php(339): require('/home/itu/Bureau/ETU004176/S4/Systeme_info/Projet final S4/app/Config/Routes.php')
 4 SYSTEMPATH/CodeIgniter.php(818): CodeIgniter\Router\RouteCollection->loadRoutes()
 5 SYSTEMPATH/CodeIgniter.php(441): CodeIgniter\CodeIgniter->tryToRouteIt(null)
 6 SYSTEMPATH/CodeIgniter.php(340): CodeIgniter\CodeIgniter->handleRequest(null, Object(Config\Cache), false)
 7 SYSTEMPATH/Boot.php(417): CodeIgniter\CodeIgniter->run()
 8 SYSTEMPATH/Boot.php(68): CodeIgniter\Boot::runCodeIgniter(Object(CodeIgniter\CodeIgniter))
 9 FCPATH/index.php(59): CodeIgniter\Boot::bootWeb(Object(Config\Paths))
10 SYSTEMPATH/rewrite.php(44): require_once('/home/itu/Bureau/ETU004176/S4/Systeme_info/Projet final S4/public/index.php')
WARNING - 2026-07-20 07:04:26 --> [DEPRECATED] Passing lowercase HTTP method "post" is deprecated. Use uppercase HTTP method like "POST". in SYSTEMPATH/Router/RouteCollection.php on line 1026.
 1 SYSTEMPATH/Router/RouteCollection.php(1026): trigger_error('Passing lowercase HTTP method "post" is deprecated. Use uppercase HTTP method like "POST".', 16384)
 2 APPPATH/Config/Routes.php(17): CodeIgniter\Router\RouteCollection->match([...], 'operateur/types/baremes/add', 'Operateur\\TypesOperation::addBareme')
 3 SYSTEMPATH/Router/RouteCollection.php(339): require('/home/itu/Bureau/ETU004176/S4/Systeme_info/Projet final S4/app/Config/Routes.php')
 4 SYSTEMPATH/CodeIgniter.php(818): CodeIgniter\Router\RouteCollection->loadRoutes()
 5 SYSTEMPATH/CodeIgniter.php(441): CodeIgniter\CodeIgniter->tryToRouteIt(null)
 6 SYSTEMPATH/CodeIgniter.php(340): CodeIgniter\CodeIgniter->handleRequest(null, Object(Config\Cache), false)
 7 SYSTEMPATH/Boot.php(417): CodeIgniter\CodeIgniter->run()
 8 SYSTEMPATH/Boot.php(68): CodeIgniter\Boot::runCodeIgniter(Object(CodeIgniter\CodeIgniter))
 9 FCPATH/index.php(59): CodeIgniter\Boot::bootWeb(Object(Config\Paths))
10 SYSTEMPATH/rewrite.php(44): require_once('/home/itu/Bureau/ETU004176/S4/Systeme_info/Projet final S4/public/index.php')
WARNING - 2026-07-20 07:04:26 --> [DEPRECATED] Passing lowercase HTTP method "get" is deprecated. Use uppercase HTTP method like "GET". in SYSTEMPATH/Router/RouteCollection.php on line 1026.
 1 SYSTEMPATH/Router/RouteCollection.php(1026): trigger_error('Passing lowercase HTTP method "get" is deprecated. Use uppercase HTTP method like "GET".', 16384)
 2 APPPATH/Config/Routes.php(18): CodeIgniter\Router\RouteCollection->match([...], 'operateur/types/baremes/edit/(:num)', 'Operateur\\TypesOperation::editBareme/$1')
 3 SYSTEMPATH/Router/RouteCollection.php(339): require('/home/itu/Bureau/ETU004176/S4/Systeme_info/Projet final S4/app/Config/Routes.php')
 4 SYSTEMPATH/CodeIgniter.php(818): CodeIgniter\Router\RouteCollection->loadRoutes()
 5 SYSTEMPATH/CodeIgniter.php(441): CodeIgniter\CodeIgniter->tryToRouteIt(null)
 6 SYSTEMPATH/CodeIgniter.php(340): CodeIgniter\CodeIgniter->handleRequest(null, Object(Config\Cache), false)
 7 SYSTEMPATH/Boot.php(417): CodeIgniter\CodeIgniter->run()
 8 SYSTEMPATH/Boot.php(68): CodeIgniter\Boot::runCodeIgniter(Object(CodeIgniter\CodeIgniter))
 9 FCPATH/index.php(59): CodeIgniter\Boot::bootWeb(Object(Config\Paths))
10 SYSTEMPATH/rewrite.php(44): require_once('/home/itu/Bureau/ETU004176/S4/Systeme_info/Projet final S4/public/index.php')
WARNING - 2026-07-20 07:04:26 --> [DEPRECATED] Passing lowercase HTTP method "post" is deprecated. Use uppercase HTTP method like "POST". in SYSTEMPATH/Router/RouteCollection.php on line 1026.
 1 SYSTEMPATH/Router/RouteCollection.php(1026): trigger_error('Passing lowercase HTTP method "post" is deprecated. Use uppercase HTTP method like "POST".', 16384)
 2 APPPATH/Config/Routes.php(18): CodeIgniter\Router\RouteCollection->match([...], 'operateur/types/baremes/edit/(:num)', 'Operateur\\TypesOperation::editBareme/$1')
 3 SYSTEMPATH/Router/RouteCollection.php(339): require('/home/itu/Bureau/ETU004176/S4/Systeme_info/Projet final S4/app/Config/Routes.php')
 4 SYSTEMPATH/CodeIgniter.php(818): CodeIgniter\Router\RouteCollection->loadRoutes()
 5 SYSTEMPATH/CodeIgniter.php(441): CodeIgniter\CodeIgniter->tryToRouteIt(null)
 6 SYSTEMPATH/CodeIgniter.php(340): CodeIgniter\CodeIgniter->handleRequest(null, Object(Config\Cache), false)
 7 SYSTEMPATH/Boot.php(417): CodeIgniter\CodeIgniter->run()
 8 SYSTEMPATH/Boot.php(68): CodeIgniter\Boot::runCodeIgniter(Object(CodeIgniter\CodeIgniter))
 9 FCPATH/index.php(59): CodeIgniter\Boot::bootWeb(Object(Config\Paths))
10 SYSTEMPATH/rewrite.php(44): require_once('/home/itu/Bureau/ETU004176/S4/Systeme_info/Projet final S4/public/index.php')
WARNING - 2026-07-20 07:04:26 --> [DEPRECATED] Passing lowercase HTTP method "get" is deprecated. Use uppercase HTTP method like "GET". in SYSTEMPATH/Router/RouteCollection.php on line 1026.
 1 SYSTEMPATH/Router/RouteCollection.php(1026): trigger_error('Passing lowercase HTTP method "get" is deprecated. Use uppercase HTTP method like "GET".', 16384)
 2 APPPATH/Config/Routes.php(23): CodeIgniter\Router\RouteCollection->match([...], 'client/login', 'Client\\Auth::login')
 3 SYSTEMPATH/Router/RouteCollection.php(339): require('/home/itu/Bureau/ETU004176/S4/Systeme_info/Projet final S4/app/Config/Routes.php')
 4 SYSTEMPATH/CodeIgniter.php(818): CodeIgniter\Router\RouteCollection->loadRoutes()
 5 SYSTEMPATH/CodeIgniter.php(441): CodeIgniter\CodeIgniter->tryToRouteIt(null)
 6 SYSTEMPATH/CodeIgniter.php(340): CodeIgniter\CodeIgniter->handleRequest(null, Object(Config\Cache), false)
 7 SYSTEMPATH/Boot.php(417): CodeIgniter\CodeIgniter->run()
 8 SYSTEMPATH/Boot.php(68): CodeIgniter\Boot::runCodeIgniter(Object(CodeIgniter\CodeIgniter))
 9 FCPATH/index.php(59): CodeIgniter\Boot::bootWeb(Object(Config\Paths))
10 SYSTEMPATH/rewrite.php(44): require_once('/home/itu/Bureau/ETU004176/S4/Systeme_info/Projet final S4/public/index.php')
WARNING - 2026-07-20 07:04:26 --> [DEPRECATED] Passing lowercase HTTP method "post" is deprecated. Use uppercase HTTP method like "POST". in SYSTEMPATH/Router/RouteCollection.php on line 1026.
 1 SYSTEMPATH/Router/RouteCollection.php(1026): trigger_error('Passing lowercase HTTP method "post" is deprecated. Use uppercase HTTP method like "POST".', 16384)
 2 APPPATH/Config/Routes.php(23): CodeIgniter\Router\RouteCollection->match([...], 'client/login', 'Client\\Auth::login')
 3 SYSTEMPATH/Router/RouteCollection.php(339): require('/home/itu/Bureau/ETU004176/S4/Systeme_info/Projet final S4/app/Config/Routes.php')
 4 SYSTEMPATH/CodeIgniter.php(818): CodeIgniter\Router\RouteCollection->loadRoutes()
 5 SYSTEMPATH/CodeIgniter.php(441): CodeIgniter\CodeIgniter->tryToRouteIt(null)
 6 SYSTEMPATH/CodeIgniter.php(340): CodeIgniter\CodeIgniter->handleRequest(null, Object(Config\Cache), false)
 7 SYSTEMPATH/Boot.php(417): CodeIgniter\CodeIgniter->run()
 8 SYSTEMPATH/Boot.php(68): CodeIgniter\Boot::runCodeIgniter(Object(CodeIgniter\CodeIgniter))
 9 FCPATH/index.php(59): CodeIgniter\Boot::bootWeb(Object(Config\Paths))
10 SYSTEMPATH/rewrite.php(44): require_once('/home/itu/Bureau/ETU004176/S4/Systeme_info/Projet final S4/public/index.php')
WARNING - 2026-07-20 07:04:26 --> [DEPRECATED] Passing lowercase HTTP method "get" is deprecated. Use uppercase HTTP method like "GET". in SYSTEMPATH/Router/RouteCollection.php on line 1026.
 1 SYSTEMPATH/Router/RouteCollection.php(1026): trigger_error('Passing lowercase HTTP method "get" is deprecated. Use uppercase HTTP method like "GET".', 16384)
 2 APPPATH/Config/Routes.php(26): CodeIgniter\Router\RouteCollection->match([...], 'client/depot', 'Client\\Compte::depot')
 3 SYSTEMPATH/Router/RouteCollection.php(339): require('/home/itu/Bureau/ETU004176/S4/Systeme_info/Projet final S4/app/Config/Routes.php')
 4 SYSTEMPATH/CodeIgniter.php(818): CodeIgniter\Router\RouteCollection->loadRoutes()
 5 SYSTEMPATH/CodeIgniter.php(441): CodeIgniter\CodeIgniter->tryToRouteIt(null)
 6 SYSTEMPATH/CodeIgniter.php(340): CodeIgniter\CodeIgniter->handleRequest(null, Object(Config\Cache), false)
 7 SYSTEMPATH/Boot.php(417): CodeIgniter\CodeIgniter->run()
 8 SYSTEMPATH/Boot.php(68): CodeIgniter\Boot::runCodeIgniter(Object(CodeIgniter\CodeIgniter))
 9 FCPATH/index.php(59): CodeIgniter\Boot::bootWeb(Object(Config\Paths))
10 SYSTEMPATH/rewrite.php(44): require_once('/home/itu/Bureau/ETU004176/S4/Systeme_info/Projet final S4/public/index.php')
WARNING - 2026-07-20 07:04:26 --> [DEPRECATED] Passing lowercase HTTP method "post" is deprecated. Use uppercase HTTP method like "POST". in SYSTEMPATH/Router/RouteCollection.php on line 1026.
 1 SYSTEMPATH/Router/RouteCollection.php(1026): trigger_error('Passing lowercase HTTP method "post" is deprecated. Use uppercase HTTP method like "POST".', 16384)
 2 APPPATH/Config/Routes.php(26): CodeIgniter\Router\RouteCollection->match([...], 'client/depot', 'Client\\Compte::depot')
 3 SYSTEMPATH/Router/RouteCollection.php(339): require('/home/itu/Bureau/ETU004176/S4/Systeme_info/Projet final S4/app/Config/Routes.php')
 4 SYSTEMPATH/CodeIgniter.php(818): CodeIgniter\Router\RouteCollection->loadRoutes()
 5 SYSTEMPATH/CodeIgniter.php(441): CodeIgniter\CodeIgniter->tryToRouteIt(null)
 6 SYSTEMPATH/CodeIgniter.php(340): CodeIgniter\CodeIgniter->handleRequest(null, Object(Config\Cache), false)
 7 SYSTEMPATH/Boot.php(417): CodeIgniter\CodeIgniter->run()
 8 SYSTEMPATH/Boot.php(68): CodeIgniter\Boot::runCodeIgniter(Object(CodeIgniter\CodeIgniter))
 9 FCPATH/index.php(59): CodeIgniter\Boot::bootWeb(Object(Config\Paths))
10 SYSTEMPATH/rewrite.php(44): require_once('/home/itu/Bureau/ETU004176/S4/Systeme_info/Projet final S4/public/index.php')
WARNING - 2026-07-20 07:04:26 --> [DEPRECATED] Passing lowercase HTTP method "get" is deprecated. Use uppercase HTTP method like "GET". in SYSTEMPATH/Router/RouteCollection.php on line 1026.
 1 SYSTEMPATH/Router/RouteCollection.php(1026): trigger_error('Passing lowercase HTTP method "get" is deprecated. Use uppercase HTTP method like "GET".', 16384)
 2 APPPATH/Config/Routes.php(27): CodeIgniter\Router\RouteCollection->match([...], 'client/retrait', 'Client\\Compte::retrait')
 3 SYSTEMPATH/Router/RouteCollection.php(339): require('/home/itu/Bureau/ETU004176/S4/Systeme_info/Projet final S4/app/Config/Routes.php')
 4 SYSTEMPATH/CodeIgniter.php(818): CodeIgniter\Router\RouteCollection->loadRoutes()
 5 SYSTEMPATH/CodeIgniter.php(441): CodeIgniter\CodeIgniter->tryToRouteIt(null)
 6 SYSTEMPATH/CodeIgniter.php(340): CodeIgniter\CodeIgniter->handleRequest(null, Object(Config\Cache), false)
 7 SYSTEMPATH/Boot.php(417): CodeIgniter\CodeIgniter->run()
 8 SYSTEMPATH/Boot.php(68): CodeIgniter\Boot::runCodeIgniter(Object(CodeIgniter\CodeIgniter))
 9 FCPATH/index.php(59): CodeIgniter\Boot::bootWeb(Object(Config\Paths))
10 SYSTEMPATH/rewrite.php(44): require_once('/home/itu/Bureau/ETU004176/S4/Systeme_info/Projet final S4/public/index.php')
WARNING - 2026-07-20 07:04:26 --> [DEPRECATED] Passing lowercase HTTP method "post" is deprecated. Use uppercase HTTP method like "POST". in SYSTEMPATH/Router/RouteCollection.php on line 1026.
 1 SYSTEMPATH/Router/RouteCollection.php(1026): trigger_error('Passing lowercase HTTP method "post" is deprecated. Use uppercase HTTP method like "POST".', 16384)
 2 APPPATH/Config/Routes.php(27): CodeIgniter\Router\RouteCollection->match([...], 'client/retrait', 'Client\\Compte::retrait')
 3 SYSTEMPATH/Router/RouteCollection.php(339): require('/home/itu/Bureau/ETU004176/S4/Systeme_info/Projet final S4/app/Config/Routes.php')
 4 SYSTEMPATH/CodeIgniter.php(818): CodeIgniter\Router\RouteCollection->loadRoutes()
 5 SYSTEMPATH/CodeIgniter.php(441): CodeIgniter\CodeIgniter->tryToRouteIt(null)
 6 SYSTEMPATH/CodeIgniter.php(340): CodeIgniter\CodeIgniter->handleRequest(null, Object(Config\Cache), false)
 7 SYSTEMPATH/Boot.php(417): CodeIgniter\CodeIgniter->run()
 8 SYSTEMPATH/Boot.php(68): CodeIgniter\Boot::runCodeIgniter(Object(CodeIgniter\CodeIgniter))
 9 FCPATH/index.php(59): CodeIgniter\Boot::bootWeb(Object(Config\Paths))
10 SYSTEMPATH/rewrite.php(44): require_once('/home/itu/Bureau/ETU004176/S4/Systeme_info/Projet final S4/public/index.php')
WARNING - 2026-07-20 07:04:26 --> [DEPRECATED] Passing lowercase HTTP method "get" is deprecated. Use uppercase HTTP method like "GET". in SYSTEMPATH/Router/RouteCollection.php on line 1026.
 1 SYSTEMPATH/Router/RouteCollection.php(1026): trigger_error('Passing lowercase HTTP method "get" is deprecated. Use uppercase HTTP method like "GET".', 16384)
 2 APPPATH/Config/Routes.php(28): CodeIgniter\Router\RouteCollection->match([...], 'client/transfert', 'Client\\Compte::transfert')
 3 SYSTEMPATH/Router/RouteCollection.php(339): require('/home/itu/Bureau/ETU004176/S4/Systeme_info/Projet final S4/app/Config/Routes.php')
 4 SYSTEMPATH/CodeIgniter.php(818): CodeIgniter\Router\RouteCollection->loadRoutes()
 5 SYSTEMPATH/CodeIgniter.php(441): CodeIgniter\CodeIgniter->tryToRouteIt(null)
 6 SYSTEMPATH/CodeIgniter.php(340): CodeIgniter\CodeIgniter->handleRequest(null, Object(Config\Cache), false)
 7 SYSTEMPATH/Boot.php(417): CodeIgniter\CodeIgniter->run()
 8 SYSTEMPATH/Boot.php(68): CodeIgniter\Boot::runCodeIgniter(Object(CodeIgniter\CodeIgniter))
 9 FCPATH/index.php(59): CodeIgniter\Boot::bootWeb(Object(Config\Paths))
10 SYSTEMPATH/rewrite.php(44): require_once('/home/itu/Bureau/ETU004176/S4/Systeme_info/Projet final S4/public/index.php')
WARNING - 2026-07-20 07:04:26 --> [DEPRECATED] Passing lowercase HTTP method "post" is deprecated. Use uppercase HTTP method like "POST". in SYSTEMPATH/Router/RouteCollection.php on line 1026.
 1 SYSTEMPATH/Router/RouteCollection.php(1026): trigger_error('Passing lowercase HTTP method "post" is deprecated. Use uppercase HTTP method like "POST".', 16384)
 2 APPPATH/Config/Routes.php(28): CodeIgniter\Router\RouteCollection->match([...], 'client/transfert', 'Client\\Compte::transfert')
 3 SYSTEMPATH/Router/RouteCollection.php(339): require('/home/itu/Bureau/ETU004176/S4/Systeme_info/Projet final S4/app/Config/Routes.php')
 4 SYSTEMPATH/CodeIgniter.php(818): CodeIgniter\Router\RouteCollection->loadRoutes()
 5 SYSTEMPATH/CodeIgniter.php(441): CodeIgniter\CodeIgniter->tryToRouteIt(null)
 6 SYSTEMPATH/CodeIgniter.php(340): CodeIgniter\CodeIgniter->handleRequest(null, Object(Config\Cache), false)
 7 SYSTEMPATH/Boot.php(417): CodeIgniter\CodeIgniter->run()
 8 SYSTEMPATH/Boot.php(68): CodeIgniter\Boot::runCodeIgniter(Object(CodeIgniter\CodeIgniter))
 9 FCPATH/index.php(59): CodeIgniter\Boot::bootWeb(Object(Config\Paths))
10 SYSTEMPATH/rewrite.php(44): require_once('/home/itu/Bureau/ETU004176/S4/Systeme_info/Projet final S4/public/index.php')
ERROR - 2026-07-20 07:20:39 --> Error connecting to the database: Exception: Unable to open database: unable to open database file in /home/itu/Bureau/ETU004176/S4/Systeme_info/Projet final S4/system/Database/SQLite3/Connection.php:111
Stack trace:
#0 /home/itu/Bureau/ETU004176/S4/Systeme_info/Projet final S4/system/Database/SQLite3/Connection.php(111): SQLite3->__construct()
#1 /home/itu/Bureau/ETU004176/S4/Systeme_info/Projet final S4/system/Database/BaseConnection.php(555): CodeIgniter\Database\SQLite3\Connection->connect()
#2 /home/itu/Bureau/ETU004176/S4/Systeme_info/Projet final S4/system/Database/SQLite3/Connection.php(74): CodeIgniter\Database\BaseConnection->initialize()
#3 /home/itu/Bureau/ETU004176/S4/Systeme_info/Projet final S4/system/Database/BaseConnection.php(795): CodeIgniter\Database\SQLite3\Connection->initialize()
#4 /home/itu/Bureau/ETU004176/S4/Systeme_info/Projet final S4/system/Database/BaseBuilder.php(1649): CodeIgniter\Database\BaseConnection->query()
#5 /home/itu/Bureau/ETU004176/S4/Systeme_info/Projet final S4/app/Models/OperationModel.php(29): CodeIgniter\Database\BaseBuilder->get()
#6 /home/itu/Bureau/ETU004176/S4/Systeme_info/Projet final S4/app/Controllers/Dashboard.php(15): App\Models\OperationModel->totalGains()
#7 /home/itu/Bureau/ETU004176/S4/Systeme_info/Projet final S4/system/CodeIgniter.php(951): App\Controllers\Dashboard->index()
#8 /home/itu/Bureau/ETU004176/S4/Systeme_info/Projet final S4/system/CodeIgniter.php(497): CodeIgniter\CodeIgniter->runController()
#9 /home/itu/Bureau/ETU004176/S4/Systeme_info/Projet final S4/system/CodeIgniter.php(340): CodeIgniter\CodeIgniter->handleRequest()
#10 /home/itu/Bureau/ETU004176/S4/Systeme_info/Projet final S4/system/Boot.php(417): CodeIgniter\CodeIgniter->run()
#11 /home/itu/Bureau/ETU004176/S4/Systeme_info/Projet final S4/system/Boot.php(68): CodeIgniter\Boot::runCodeIgniter()
#12 /home/itu/Bureau/ETU004176/S4/Systeme_info/Projet final S4/public/index.php(59): CodeIgniter\Boot::bootWeb()
#13 /home/itu/Bureau/ETU004176/S4/Systeme_info/Projet final S4/system/rewrite.php(44): require_once('...')
#14 {main}

Next CodeIgniter\Database\Exceptions\DatabaseException: SQLite3 error: Unable to open database: unable to open database file in /home/itu/Bureau/ETU004176/S4/Systeme_info/Projet final S4/system/Database/SQLite3/Connection.php:118
Stack trace:
#0 /home/itu/Bureau/ETU004176/S4/Systeme_info/Projet final S4/system/Database/BaseConnection.php(555): CodeIgniter\Database\SQLite3\Connection->connect()
#1 /home/itu/Bureau/ETU004176/S4/Systeme_info/Projet final S4/system/Database/SQLite3/Connection.php(74): CodeIgniter\Database\BaseConnection->initialize()
#2 /home/itu/Bureau/ETU004176/S4/Systeme_info/Projet final S4/system/Database/BaseConnection.php(795): CodeIgniter\Database\SQLite3\Connection->initialize()
#3 /home/itu/Bureau/ETU004176/S4/Systeme_info/Projet final S4/system/Database/BaseBuilder.php(1649): CodeIgniter\Database\BaseConnection->query()
#4 /home/itu/Bureau/ETU004176/S4/Systeme_info/Projet final S4/app/Models/OperationModel.php(29): CodeIgniter\Database\BaseBuilder->get()
#5 /home/itu/Bureau/ETU004176/S4/Systeme_info/Projet final S4/app/Controllers/Dashboard.php(15): App\Models\OperationModel->totalGains()
#6 /home/itu/Bureau/ETU004176/S4/Systeme_info/Projet final S4/system/CodeIgniter.php(951): App\Controllers\Dashboard->index()
#7 /home/itu/Bureau/ETU004176/S4/Systeme_info/Projet final S4/system/CodeIgniter.php(497): CodeIgniter\CodeIgniter->runController()
#8 /home/itu/Bureau/ETU004176/S4/Systeme_info/Projet final S4/system/CodeIgniter.php(340): CodeIgniter\CodeIgniter->handleRequest()
#9 /home/itu/Bureau/ETU004176/S4/Systeme_info/Projet final S4/system/Boot.php(417): CodeIgniter\CodeIgniter->run()
#10 /home/itu/Bureau/ETU004176/S4/Systeme_info/Projet final S4/system/Boot.php(68): CodeIgniter\Boot::runCodeIgniter()
#11 /home/itu/Bureau/ETU004176/S4/Systeme_info/Projet final S4/public/index.php(59): CodeIgniter\Boot::bootWeb()
#12 /home/itu/Bureau/ETU004176/S4/Systeme_info/Projet final S4/system/rewrite.php(44): require_once('...')
#13 {main}
CRITICAL - 2026-07-20 07:20:39 --> CodeIgniter\Database\Exceptions\DatabaseException: Unable to connect to the database.
Main connection [SQLite3]: SQLite3 error: Unable to open database: unable to open database file
[Method: GET, Route: operateur/dashboard]
in SYSTEMPATH/Database/BaseConnection.php on line 606.
 1 SYSTEMPATH/Database/SQLite3/Connection.php(74): CodeIgniter\Database\BaseConnection->initialize()
 2 SYSTEMPATH/Database/BaseConnection.php(795): CodeIgniter\Database\SQLite3\Connection->initialize()
 3 SYSTEMPATH/Database/BaseBuilder.php(1649): CodeIgniter\Database\BaseConnection->query()
 4 APPPATH/Models/OperationModel.php(29): CodeIgniter\Database\BaseBuilder->get()
 5 APPPATH/Controllers/Dashboard.php(15): App\Models\OperationModel->totalGains()
 6 SYSTEMPATH/CodeIgniter.php(951): App\Controllers\Dashboard->index()
 7 SYSTEMPATH/CodeIgniter.php(497): CodeIgniter\CodeIgniter->runController()
 8 SYSTEMPATH/CodeIgniter.php(340): CodeIgniter\CodeIgniter->handleRequest()
 9 SYSTEMPATH/Boot.php(417): CodeIgniter\CodeIgniter->run()
10 SYSTEMPATH/Boot.php(68): CodeIgniter\Boot::runCodeIgniter()
11 FCPATH/index.php(59): CodeIgniter\Boot::bootWeb()
12 SYSTEMPATH/rewrite.php(44): require_once('/home/itu/Bureau/ETU004176/S4/Systeme_info/Projet final S4/public/index.php')
ERROR - 2026-07-20 07:23:28 --> Error connecting to the database: Exception: Unable to open database: unable to open database file in /home/itu/Bureau/ETU004176/S4/Systeme_info/Projet final S4/system/Database/SQLite3/Connection.php:111
Stack trace:
#0 /home/itu/Bureau/ETU004176/S4/Systeme_info/Projet final S4/system/Database/SQLite3/Connection.php(111): SQLite3->__construct()
#1 /home/itu/Bureau/ETU004176/S4/Systeme_info/Projet final S4/system/Database/BaseConnection.php(555): CodeIgniter\Database\SQLite3\Connection->connect()
#2 /home/itu/Bureau/ETU004176/S4/Systeme_info/Projet final S4/system/Database/SQLite3/Connection.php(74): CodeIgniter\Database\BaseConnection->initialize()
#3 /home/itu/Bureau/ETU004176/S4/Systeme_info/Projet final S4/system/Database/BaseConnection.php(795): CodeIgniter\Database\SQLite3\Connection->initialize()
#4 /home/itu/Bureau/ETU004176/S4/Systeme_info/Projet final S4/system/Database/BaseBuilder.php(1649): CodeIgniter\Database\BaseConnection->query()
#5 /home/itu/Bureau/ETU004176/S4/Systeme_info/Projet final S4/app/Models/OperationModel.php(29): CodeIgniter\Database\BaseBuilder->get()
#6 /home/itu/Bureau/ETU004176/S4/Systeme_info/Projet final S4/app/Controllers/Dashboard.php(15): App\Models\OperationModel->totalGains()
#7 /home/itu/Bureau/ETU004176/S4/Systeme_info/Projet final S4/system/CodeIgniter.php(951): App\Controllers\Dashboard->index()
#8 /home/itu/Bureau/ETU004176/S4/Systeme_info/Projet final S4/system/CodeIgniter.php(497): CodeIgniter\CodeIgniter->runController()
#9 /home/itu/Bureau/ETU004176/S4/Systeme_info/Projet final S4/system/CodeIgniter.php(340): CodeIgniter\CodeIgniter->handleRequest()
#10 /home/itu/Bureau/ETU004176/S4/Systeme_info/Projet final S4/system/Boot.php(417): CodeIgniter\CodeIgniter->run()
#11 /home/itu/Bureau/ETU004176/S4/Systeme_info/Projet final S4/system/Boot.php(68): CodeIgniter\Boot::runCodeIgniter()
#12 /home/itu/Bureau/ETU004176/S4/Systeme_info/Projet final S4/public/index.php(59): CodeIgniter\Boot::bootWeb()
#13 /home/itu/Bureau/ETU004176/S4/Systeme_info/Projet final S4/system/rewrite.php(44): require_once('...')
#14 {main}

Next CodeIgniter\Database\Exceptions\DatabaseException: SQLite3 error: Unable to open database: unable to open database file in /home/itu/Bureau/ETU004176/S4/Systeme_info/Projet final S4/system/Database/SQLite3/Connection.php:118
Stack trace:
#0 /home/itu/Bureau/ETU004176/S4/Systeme_info/Projet final S4/system/Database/BaseConnection.php(555): CodeIgniter\Database\SQLite3\Connection->connect()
#1 /home/itu/Bureau/ETU004176/S4/Systeme_info/Projet final S4/system/Database/SQLite3/Connection.php(74): CodeIgniter\Database\BaseConnection->initialize()
#2 /home/itu/Bureau/ETU004176/S4/Systeme_info/Projet final S4/system/Database/BaseConnection.php(795): CodeIgniter\Database\SQLite3\Connection->initialize()
#3 /home/itu/Bureau/ETU004176/S4/Systeme_info/Projet final S4/system/Database/BaseBuilder.php(1649): CodeIgniter\Database\BaseConnection->query()
#4 /home/itu/Bureau/ETU004176/S4/Systeme_info/Projet final S4/app/Models/OperationModel.php(29): CodeIgniter\Database\BaseBuilder->get()
#5 /home/itu/Bureau/ETU004176/S4/Systeme_info/Projet final S4/app/Controllers/Dashboard.php(15): App\Models\OperationModel->totalGains()
#6 /home/itu/Bureau/ETU004176/S4/Systeme_info/Projet final S4/system/CodeIgniter.php(951): App\Controllers\Dashboard->index()
#7 /home/itu/Bureau/ETU004176/S4/Systeme_info/Projet final S4/system/CodeIgniter.php(497): CodeIgniter\CodeIgniter->runController()
#8 /home/itu/Bureau/ETU004176/S4/Systeme_info/Projet final S4/system/CodeIgniter.php(340): CodeIgniter\CodeIgniter->handleRequest()
#9 /home/itu/Bureau/ETU004176/S4/Systeme_info/Projet final S4/system/Boot.php(417): CodeIgniter\CodeIgniter->run()
#10 /home/itu/Bureau/ETU004176/S4/Systeme_info/Projet final S4/system/Boot.php(68): CodeIgniter\Boot::runCodeIgniter()
#11 /home/itu/Bureau/ETU004176/S4/Systeme_info/Projet final S4/public/index.php(59): CodeIgniter\Boot::bootWeb()
#12 /home/itu/Bureau/ETU004176/S4/Systeme_info/Projet final S4/system/rewrite.php(44): require_once('...')
#13 {main}
CRITICAL - 2026-07-20 07:23:28 --> CodeIgniter\Database\Exceptions\DatabaseException: Unable to connect to the database.
Main connection [SQLite3]: SQLite3 error: Unable to open database: unable to open database file
[Method: GET, Route: operateur/dashboard]
in SYSTEMPATH/Database/BaseConnection.php on line 606.
 1 SYSTEMPATH/Database/SQLite3/Connection.php(74): CodeIgniter\Database\BaseConnection->initialize()
 2 SYSTEMPATH/Database/BaseConnection.php(795): CodeIgniter\Database\SQLite3\Connection->initialize()
 3 SYSTEMPATH/Database/BaseBuilder.php(1649): CodeIgniter\Database\BaseConnection->query()
 4 APPPATH/Models/OperationModel.php(29): CodeIgniter\Database\BaseBuilder->get()
 5 APPPATH/Controllers/Dashboard.php(15): App\Models\OperationModel->totalGains()
 6 SYSTEMPATH/CodeIgniter.php(951): App\Controllers\Dashboard->index()
 7 SYSTEMPATH/CodeIgniter.php(497): CodeIgniter\CodeIgniter->runController()
 8 SYSTEMPATH/CodeIgniter.php(340): CodeIgniter\CodeIgniter->handleRequest()
 9 SYSTEMPATH/Boot.php(417): CodeIgniter\CodeIgniter->run()
10 SYSTEMPATH/Boot.php(68): CodeIgniter\Boot::runCodeIgniter()
11 FCPATH/index.php(59): CodeIgniter\Boot::bootWeb()
12 SYSTEMPATH/rewrite.php(44): require_once('/home/itu/Bureau/ETU004176/S4/Systeme_info/Projet final S4/public/index.php')
DEBUG - 2026-07-20 07:41:40 --> Session: Class initialized using 'CodeIgniter\Session\Handlers\FileHandler' driver.
DEBUG - 2026-07-20 07:42:00 --> Session: Class initialized using 'CodeIgniter\Session\Handlers\FileHandler' driver.
DEBUG - 2026-07-20 07:42:00 --> Session: Class initialized using 'CodeIgniter\Session\Handlers\FileHandler' driver.
DEBUG - 2026-07-20 07:42:00 --> Session: Class initialized using 'CodeIgniter\Session\Handlers\FileHandler' driver.
DEBUG - 2026-07-20 07:42:00 --> Session: Class initialized using 'CodeIgniter\Session\Handlers\FileHandler' driver.
DEBUG - 2026-07-20 07:42:36 --> Session: Class initialized using 'CodeIgniter\Session\Handlers\FileHandler' driver.
DEBUG - 2026-07-20 07:43:43 --> Session: Class initialized using 'CodeIgniter\Session\Handlers\FileHandler' driver.
DEBUG - 2026-07-20 07:44:04 --> Session: Class initialized using 'CodeIgniter\Session\Handlers\FileHandler' driver.
DEBUG - 2026-07-20 07:44:49 --> Session: Class initialized using 'CodeIgniter\Session\Handlers\FileHandler' driver.
DEBUG - 2026-07-20 07:44:52 --> Session: Class initialized using 'CodeIgniter\Session\Handlers\FileHandler' driver.
DEBUG - 2026-07-20 07:44:52 --> Session: Class initialized using 'CodeIgniter\Session\Handlers\FileHandler' driver.
DEBUG - 2026-07-20 07:44:53 --> Session: Class initialized using 'CodeIgniter\Session\Handlers\FileHandler' driver.
DEBUG - 2026-07-20 07:44:55 --> Session: Class initialized using 'CodeIgniter\Session\Handlers\FileHandler' driver.
DEBUG - 2026-07-20 07:44:57 --> Session: Class initialized using 'CodeIgniter\Session\Handlers\FileHandler' driver.
DEBUG - 2026-07-20 07:45:00 --> Session: Class initialized using 'CodeIgniter\Session\Handlers\FileHandler' driver.
DEBUG - 2026-07-20 07:45:01 --> Session: Class initialized using 'CodeIgniter\Session\Handlers\FileHandler' driver.
DEBUG - 2026-07-20 07:45:02 --> Session: Class initialized using 'CodeIgniter\Session\Handlers\FileHandler' driver.
DEBUG - 2026-07-20 07:45:03 --> Session: Class initialized using 'CodeIgniter\Session\Handlers\FileHandler' driver.
DEBUG - 2026-07-20 07:45:05 --> Session: Class initialized using 'CodeIgniter\Session\Handlers\FileHandler' driver.
DEBUG - 2026-07-20 07:45:06 --> Session: Class initialized using 'CodeIgniter\Session\Handlers\FileHandler' driver.
DEBUG - 2026-07-20 07:45:07 --> Session: Class initialized using 'CodeIgniter\Session\Handlers\FileHandler' driver.
